Frame,ID1,ID2,ID3,ID4,ID5
4,,,,,4
5,,,,,4
6,,,,,4
7,,,,2,4
8,,,,2,4
9,,,,,4
10,,,,,4
11,,,,,
14,0,2,3,1,4
15,0,2,4,1,3
16,0,2,4,1,3
17,0,2,3,1,4
21,0,2,3,1,4
23,0,2,4,1,3
24,0,2,3,1,4
27,0,2,4,1,3
29,0,2,3,1,3
38,1,0,3,2,6
39,,,3,,
40,,,3,,
41,,,3,,
42,,,3,,
43,,,3,,
44,3,,2,,8
45,5,,2,,8
46,,,2,,8
47,,,2,,7
48,7,,2,1,5
49,,,2,,
50,,,3,,2
51,,,3,,2
52,,,3,,2
53,,,3,,
54,,,3,,
55,,,3,,
56,,,3,,1
57,,,3,,
58,,,3,,
59,,,3,,
60,,,3,,
61,,,3,,
62,,,3,,
63,,,3,,
64,,,3,,
65,,,3,,
66,,,3,,
67,,,3,,
68,,,3,,
69,,,3,,
70,,,3,,
71,,,3,,
72,6,,3,,
73,,,3,,
74,6,,3,,
75,9,,2,,3
76,,,1,,3
77,,,2,,11
78,,,1,,15
79,,,1,,19
80,,,1,,7
81,,,2,,9
82,,,3,,8
83,,,2,,9
84,,,2,,7
85,,,3,,6
86,,,3,0,
87,,,3,0,
88,,,3,0,
89,,,3,,
90,,,,,4
94,,,3,,5
95,,,,0,5
96,,,,0,5
101,,,,0,
103,,,,0,
108,3,,,,
109,,,,,3
110,2,,,,
111,1,,,,
115,1,,,,
116,2,,,,
117,1,,,,
118,0,,,,
119,0,,,,
122,1,,,,
123,,,8,,2
124,,,,,3
125,,,7,0,2
126,,,7,0,2
127,,,7,0,2
128,,,6,,
129,,,6,,
130,,,5,,3
139,0,,,1,
140,1,,,0,
141,,,,0,
144,2,,,0,3
145,,,,,2
146,,,6,,0
147,,,,,1
150,,,5,,1
156,1,,,,
157,,,,1,
158,,,,1,
171,,,,0,3
172,,,,1,
173,,,,1,
175,,,,1,6
176,,,,,5
177,,,,,7
178,,,,,6
179,,,,,6
188,,,,2,
189,,,,1,
199,,,4,,
200,,,3,4,
201,,,3,,
202,,,3,4,
203,,,3,4,1
204,,,3,4,1
205,,,8,6,
207,,,12,,
208,,,,7,
209,5,,,,
210,5,,,,
211,8,,,3,
212,7,,,,
213,5,,,,
214,5,,,,
215,4,,,,
216,4,,6,,
217,4,,8,,
218,4,,1,,
220,,,,,
221,,,,,9
222,,,,,6
223,,,,,10
224,,,,,8
226,,,1,,
227,,,,2,
228,,,,,
229,,,,1,
230,,,2,1,
231,,,2,1,
232,5,,2,,7
233,5,,3,,9
234,6,,,1,
235,6,,2,1,
236,7,,2,1,
237,7,,,2,5
238,,,,3,6
239,7,,1,3,
240,6,,,3,
241,3,,,0,
243,0,,,,7
244,1,,,0,8
245,0,,,,7
246,0,,,,7
247,0,,,,4
248,0,,,,
249,1,,,2,
250,2,,,0,
251,1,,,,
252,0,,,,
253,0,,4,2,
255,0,,,,
256,1,,4,,
257,1,,,,
258,1,,,,
259,,,3,,
261,,,,1,
262,,,4,0,
263,,,4,1,
264,2,,,1,
266,,,4,,
268,,,4,,
273,3,,,,
276,,1,6,,
277,,1,3,,2
278,,,,,1
279,4,,,,
281,,1,,,
286,2,,,,
287,3,,,,
288,,,,,2
289,,,,,2
291,5,,,,
292,5,,,,
293,4,,,,
294,1,,,,4
295,0,1,,,
296,2,1,,,3
297,3,1,,,
298,2,1,,,
299,2,1,,,
300,3,1,,,
301,,1,,,
302,,1,,,3
303,,2,,,
304,1,2,,,
305,,4,,,
306,,3,,,
308,,3,,,
309,,3,,,
310,,2,,,
320,,,,,
321,,,,,
322,,,,,2
325,,,,,3
327,,8,,,2
328,,7,,,
329,,5,,,
330,,5,,,
331,,5,,,
332,,6,,,
333,,5,,,
334,,8,,,
336,,4,,,
337,,4,,,
338,1,,,,2
339,,,,,
340,,,,,
341,1,,,,
342,1,,,,
343,1,10,,,
344,1,5,,,2
345,,,,,
346,,5,,,
352,0,4,,,
354,,4,,,
355,,4,,,
359,3,,,,
360,3,,,,
361,4,,,,
362,4,,,,
363,4,,,,
364,3,,,,
369,,,,,3
370,,,,,2
371,,,,,3
373,,,,,9
374,,,,,4
375,,,,,4
382,1,,,,
385,,,,,4
390,1,,,,
415,7,,,,
416,6,,,,
424,6,,,,2
426,7,,,,2
427,5,,,,
429,10,,,,1
431,10,,,,
432,7,,,,
433,10,,,,
436,5,,,,
437,10,,,,
457,5,,,,
459,5,2,,,
464,4,,,,
469,4,,,,
470,4,,,,
471,4,3,,,
472,3,,,,
473,3,,,,
474,3,,,,
475,3,,,,
476,3,,,,
477,3,,0,6,1
478,3,,,,2
479,3,,,,1
480,5,,,,0
481,3,,,6,
482,3,,,,2
483,3,,1,,2
484,7,,,,5
485,7,,,,8
486,3,,,,6
487,3,,,,2
488,3,,,5,2
489,3,,,6,
490,3,,,,1
491,3,,,,0
492,3,,,,2
493,2,,,,7
494,3,,1,,7
495,3,,1,,6
496,3,,,,8
497,1,0,4,,6
498,0,2,,,7
499,0,3,4,,7
500,0,2,4,,7
501,0,2,5,,7
502,0,2,5,,7
503,0,,,,5
504,0,3,,,6
505,0,3,,,1
506,0,3,,,1
507,1,3,,2,
508,0,3,,,
509,0,3,,2,
510,0,3,,7,2
511,0,,,,4
512,0,,,,
513,0,5,,1,
514,0,4,,1,
515,0,4,,1,3
516,0,4,,1,2
517,0,4,,,2
518,0,4,,1,3
519,0,5,,,3
520,0,4,,,3
521,,2,,1,4
524,,3,6,1,
525,,3,6,1,
526,,3,8,2,6
527,,3,8,2,
528,,2,9,4,
529,,2,7,6,
530,,2,7,9,
531,,2,5,8,1
532,0,2,7,10,
533,0,4,3,5,
534,0,5,2,,
535,5,6,2,,
536,,4,2,3,
537,,4,2,3,
538,,3,2,4,
539,,4,2,3,
540,,5,2,4,1
541,,4,2,3,1
542,1,2,3,,0
543,1,4,2,3,0
544,1,4,2,3,0
545,1,4,2,3,0
546,2,,1,4,0
547,3,,1,2,
548,3,7,2,1,
549,5,7,1,3,0
550,2,6,1,3,
551,5,4,2,7,0
552,1,5,2,11,0
553,3,10,2,7,0
554,,7,3,,1
555,6,8,2,10,0
556,3,1,5,4,
557,14,5,2,8,
558,,4,1,3,8
559,2,10,3,5,
560,11,8,12,5,0
562,1,10,,,
563,1,4,,,
564,1,3,,,
565,,11,5,3,
566,,4,5,,1
567,,4,5,,1
568,,11,5,2,
569,,3,5,,
570,,5,3,,
571,,7,5,2,
572,,4,9,2,
573,,4,,2,
574,1,7,8,2,0
575,2,5,4,1,0
576,2,7,,,
577,2,8,,,
578,2,7,,,
579,2,9,5,,
580,2,6,,,
581,2,,,,
582,2,,4,,
583,2,7,4,,
584,8,5,,,
585,2,5,,,
586,2,6,4,,
587,2,6,4,,
588,2,5,4,,
589,2,5,4,,
590,2,4,5,,
591,1,5,4,,
592,1,4,5,2,
593,1,,5,2,
594,1,,,,
595,2,,5,,
596,2,,5,,
597,2,3,6,,
598,8,,5,,
599,6,,5,,
600,1,,,,
601,9,,,,
602,3,,,,
603,4,,6,,
604,3,,,1,
605,3,,,,
606,10,,,4,
607,3,,4,,
608,2,,5,1,
609,2,6,9,,
610,3,,6,,
611,2,,5,,
612,1,,6,,0
613,2,,5,,0
614,2,,6,,
615,12,,6,,0
616,2,,8,,0
617,1,,9,,0
618,1,,7,,
619,3,,8,,
620,1,,7,6,
621,11,,,8,
622,3,,4,5,0
623,2,,,,
624,2,,,1,
625,2,,,1,
626,4,,,1,
627,4,,,,
628,4,,,,
629,4,,,,
630,3,,,,
631,4,,,1,
632,2,5,,4,0
633,4,,5,,0
634,4,,,,
635,3,,,2,
636,2,,,,
637,1,,4,,
638,2,,4,,
639,1,,6,7,
640,1,,8,,
641,5,,,,
642,4,,,,
643,3,,,4,
644,3,,,4,
645,3,,,5,
646,5,,,,0
647,6,,,,
649,9,,,,0
650,7,,,,
651,8,,,,
652,6,,,,
653,10,,,,
654,9,,2,,
655,10,,,,
656,11,,,,
657,13,,1,,
658,12,,,,
659,13,,,,
660,9,,,,
661,7,,,,
662,10,,,,0
663,11,,,,0
664,13,3,,,
665,11,,,,
666,12,,,,1
667,9,,,,
668,2,,,,
669,8,,3,,
670,6,,,,
671,6,,,,
672,6,,,,
673,7,,,,
674,2,,,,
676,,,3,,
677,,,,,1
679,2,4,,,
687,,,6,,
690,,,4,,
691,3,,,,
692,3,,,,
695,,,8,,
698,3,,,,
699,,,3,,
700,4,,,,1
706,11,,,,
708,5,,,,
709,9,,,,
711,6,,,,
712,,,6,,
713,10,,,,
716,,,,,1
718,2,,,,
719,2,,,,3
720,,,,,1
723,2,,,,
724,2,,,,1
728,,,,0,3
729,,,7,0,3
730,1,,6,0,5
731,1,,,,
734,1,,,,
735,,,,,3
742,,,,,4
743,,,,,4
745,,,5,,
746,,,,,3
753,9,,,,4
754,2,,,,10
755,2,,11,,6
756,3,,,,10
757,3,,,,7
758,2,,,,
759,2,,,,
760,2,,,,
768,,,,,7
769,,,5,,6
770,,,5,,
771,,,4,,2
772,,,7,,
773,,,8,,
774,,,4,,
775,,,5,,
778,,,8,,
779,,,,3,
780,,,,3,
782,,,6,,
783,,,6,,
784,,,9,,
788,,,,,1
789,,,,,1
791,,,7,,
792,,,5,,
793,2,,,,
798,,,5,,
804,3,,,,
808,,,4,,
811,3,2,,,
812,3,,,,
820,,2,,,0
822,,,,,0
823,,,,,0
824,,,,,0
825,,,,,0
827,4,,,,
828,4,,,,
829,,,3,,
830,,,3,,
839,3,,,,
844,,,,4,
847,3,,,,
849,4,,,,
860,2,,,,
862,,4,,,
863,,4,,,
864,,,1,,
866,,4,,,
867,,4,,,
868,,4,,,
869,,4,,,
870,,4,,,
872,,4,,,
873,,5,,,
874,,5,,2,
875,,5,,,
876,,4,,,
877,1,4,,,
878,,4,,,
879,,4,,,
880,,4,,,
881,0,5,,,
883,0,5,,,
884,,5,,,
889,,5,,,
890,,4,,,
891,,4,,,
892,,,,3,
893,,,,3,
895,,4,,,
897,,4,,,
899,,4,,3,
900,,,,3,
902,1,,,,
903,,6,,,
904,,,,3,
905,,,,3,
906,,,,3,
907,,,,3,
908,,,,1,
911,0,,,,
912,0,,,,
915,,3,,,
916,,3,,0,4
917,,3,,0,
918,,3,,0,4
920,,3,,9,4
921,1,,,,4
922,1,3,,0,
923,1,,,,4
924,1,,2,,4
926,,4,2,0,3
927,1,,,,3
930,1,,,,2
931,1,,,,
932,1,,,,
936,,,,,3
937,,,,,3
942,,,,1,
943,0,,,,
944,,,,,2
945,,,,,2
947,,,,,2
954,1,,,,
955,1,,,,
956,1,,,,
957,,,,,2
961,1,,,,
966,,,,,3
969,,,,,2
970,,,,,2
971,1,,,,2
972,,,,,2
975,1,,,,
976,1,6,,,
977,,5,,,
982,,4,,0,
983,1,,,,
984,1,6,,,
985,,4,,,2
986,,,,,2
988,1,4,,,
989,1,,,,
991,,,3,,
992,1,,,,
993,,,3,,
995,,,2,,
996,,5,,,3
997,,,,,3
998,,4,,,2
999,,4,,,
1001,0,,,,
1002,0,,,,
1003,0,,,,2
1004,0,,,,2
1005,0,,,,2
1006,0,,,,
1007,0,,4,,
1008,,,,,2
1010,,,4,,
1011,,,4,1,
1012,,,,1,
1013,0,,,1,
1014,0,,,,
1015,1,,,,
1016,1,,4,,
1019,1,,,,
1020,1,,,,
1021,0,,,,
1022,0,,,,
1023,0,,,,
1024,,,,,3
1025,,,,1,
1026,0,,,1,
1027,0,,,,
1030,0,,,,
1031,,,9,,
1032,1,,6,,
1033,1,,,,
1034,1,,,,
1039,0,,,,
1041,1,,,,
1046,1,,,,
1048,0,,,,
1050,,2,8,,
1055,,,,,1
1056,3,,,,
1057,2,,5,,1
1059,,,4,,1
1060,,,5,,
1061,1,,4,0,2
1062,2,,4,0,3
1063,3,,,0,2
1064,3,,8,,
1065,3,1,4,,
1066,3,,8,,
1067,3,,4,,
1068,2,,4,0,
1069,2,,5,,
1070,2,,8,,
1071,2,,6,,
1072,1,,5,,
1073,1,,5,,
1074,5,,1,,
1075,5,,,0,
1076,4,2,,,
1077,,,,0,
1078,,,,0,
1079,,2,,0,
1080,4,2,,1,
1081,,2,,0,
1082,,2,,0,
1083,,2,,0,
1084,,2,,,
1086,,,,1,
1088,5,1,,,
1091,,1,,,
1092,,1,,,
1093,,,,0,
1097,10,,,0,
1098,7,,,0,
1099,7,,,0,
1100,,,,0,
1101,13,,,1,
1102,13,,,,
1103,13,,,,
1104,6,,3,0,
1105,5,,,0,
1106,4,,,0,
1107,5,,,0,
1108,6,,,0,
1109,,,,0,
1110,0,1,,,
1111,,,,0,
1113,5,,,1,
1114,6,,,1,
1115,6,,,,
1116,6,,,,
1117,5,,,0,
1118,5,,,,
1119,4,,,,
1120,6,,3,,
1121,6,,3,,
1122,5,,8,,
1124,4,,5,,
1125,4,,6,,
1126,4,,8,,
1127,5,,8,,
1128,3,,4,,
1129,3,,4,,
1130,3,,6,,
1131,5,,3,,
1132,4,,5,,1
1133,4,,6,,1
1134,5,,2,,1
1135,3,,2,,1
1136,3,,5,,
1137,2,,4,,
1138,3,,5,,
1139,3,,4,,1
1140,3,,4,,1
1141,4,,3,,
1142,4,,5,,
1143,,,5,,
1144,5,,,,
1145,5,,,,
1146,4,,3,,
1147,4,,3,,
1148,6,,3,,
1149,10,,2,,
1150,9,,3,,
1151,6,,3,,
1152,5,,3,,
1153,5,,3,,
1154,11,,3,,
1155,15,,6,,
1156,3,,6,,
1157,8,,5,,
1161,10,,4,,
1163,9,,4,,
1164,10,,10,1,
1167,7,,4,1,
1168,6,,4,,
1169,9,,5,,
1170,9,1,5,,
1171,7,,4,,10
1172,5,,4,,
1173,7,,5,,
1174,5,,4,,
1175,8,,3,,
1176,6,,4,,
1177,3,,4,,
1178,2,,5,,
1180,0,,5,,
1181,0,,5,,
1182,0,,5,,
1183,0,,5,,
1184,2,,7,,
1185,2,,7,,
1186,4,,5,0,
1187,3,,5,0,
1188,3,,6,0,
1189,2,,6,,
1190,2,,8,,
1191,2,,9,,
1192,10,,2,,
1193,6,,1,,
1194,6,,1,,
1196,,,,,9
1199,6,,,,
1200,14,,3,,
1201,9,,3,0,13
1202,6,,3,0,
1203,9,,3,0,
1204,8,,3,0,
1205,4,,3,,
1206,,,,0,
1207,,,,0,
1208,,,,0,
1209,6,,,0,7
1210,4,,,0,
1211,,,3,0,
1212,3,,,0,
1213,3,,,,
1214,,,,0,
1215,,2,,0,
1216,,,5,,
1218,,1,,0,
1232,,5,,,
1233,,5,,,
1244,,3,2,,
1245,,2,3,,
1246,,,3,,
1247,,,2,,
1248,,,2,,5
1249,,,,,5
1250,1,,3,,5
1254,,,2,,
1255,,,2,,
1256,,,3,,
1257,,,1,,
1258,,,9,,
1259,,,2,,
1260,,,2,,
1261,,,2,,
1273,,,,,3
1274,,,,,2
1289,,2,5,,
1291,,,4,,
1292,,,,1,
1297,,,4,0,
1298,,,4,,3
1300,,,,1,
1301,,,,,4
1302,,,,,4
1303,,,,,4
1305,,,3,,5
1306,,,,,5
1307,,,,0,5
1308,,,,0,6
1309,,,,0,4
1310,,,,0,5
1311,,,,,5
1312,,,,0,
1313,,,,,6
1314,2,,,,6
1315,,,,,6
1316,,,,,6
1317,,,,,6
1318,,,,,5
1319,,,,,
1321,,,,1,
1323,,,,,6
1324,,,,,
1325,,0,,,
1326,,0,,,8
1327,,1,,0,8
1328,,1,3,,7
1329,3,1,,,
1330,,,11,,
1331,2,,10,,
1333,8,,,,
1334,4,,3,1,
1335,,,4,,
1336,2,,,,
1338,,,,,7
1342,,,,1,
1343,,,3,1,
1344,,,3,1,
1345,3,,2,1,
1346,3,,2,1,
1347,,,2,1,
1348,3,,2,1,
1349,5,,2,,
1350,4,,2,,
1351,4,,2,1,
1352,4,,2,,
1353,4,,3,,
1354,6,,,,
1355,4,,,1,
1356,4,,,1,
1358,1,,,,
1359,1,,3,,
1360,1,,,,
1361,1,,2,,
1362,1,,,,
1363,1,,,,
1364,1,,2,,
1365,1,,,,
1367,1,,,,
1368,1,,,,
1369,1,0,,3,
1370,,0,,,
1372,,0,,,
1373,1,0,,4,
1374,0,1,,4,
1375,0,,,4,
1376,1,,,4,
1377,1,,,4,
1378,,,,3,
1379,,,,2,
1380,,,,1,
1381,,,,0,
1382,,,,1,
1383,,,,4,
1384,1,,,,
1385,1,,,,
1386,2,,,,
1389,,,,3,
1390,10,,,3,
1393,,,,2,
1400,2,,,,
1401,2,,,,
1415,,,,0,
1416,,,,,1
1420,,,,,1
1421,,,,,1
1422,,,,,1
1423,,,,,1
1424,,,,,1
1437,,,,,0
1439,,,,2,
1440,,,,2,
1445,,,,,0
1446,,,,,0
1456,5,,,,0
1459,6,,,,0
1460,,,,,0
1461,,,,,0
1462,,,,,0
1463,,,,,0
1464,,,,,0
1465,,,,,0
1466,,,,,0
1467,,,,,0
1470,,,,6,
1472,,,,,0
1473,,1,,4,0
1474,,4,,,0
1487,6,,,,
1488,4,,,,
1491,,,,2,
1492,,,,2,
1500,,3,,,