ID,Other_ID,Frame,Distance,Repulsion_Force_ID1,Repulsion_Force_ID2
1,2,1155,10.287843061310902,2.73574689532696,-0.7326652401329942
1,2,1156,9.604010681518064,1.4688679248238417,-0.8373303590539013
1,2,1166,6.05440880078185,-0.8302494524562687,0.38068496422712433
1,2,1167,6.761806167593133,-1.1155574311685381,0.39283328321429034
1,2,1168,7.374431525403267,-0.9731619070502824,0.3437042547798164
1,2,1178,3.969023846636396,-0.5269188348211784,0.1491445239863861
1,2,1179,5.153050013925041,-1.3483958490069845,0.1457508359887153
1,2,1180,6.978092349032601,-1.7622266638974584,-0.07166212634524136
1,2,1181,8.254741001134134,-1.1283126065477342,-0.1521579899467098
1,2,1182,9.335186670582283,-0.8486045597610066,-0.23423836130934741
1,2,1183,10.43825943239378,-0.7243416580817303,-0.38009407185732186
1,2,1184,11.479713462670862,-0.599637018833553,-0.4427303279670206
1,2,1200,2.217199658435449,-2.076247789957916,1.1939804896491446
1,2,1201,3.0749962413595435,-2.029704382378279,1.1712703584497506
1,2,1202,3.485572542281355,-1.8034993790049656,1.389596759409987
1,2,1203,3.9272578508298643,-1.801062106996109,1.347893612518016
1,2,1204,4.462614738832427,-1.8587644780061452,1.318050508727507
1,2,1207,7.061043167296664,-0.9985568960744113,1.0345979675106554
1,2,1208,6.83146360594089,-0.8015552156712583,1.0305131057117283
1,2,1209,6.441296328832904,-0.5423365007844746,0.9323978860472415
1,2,1221,14.366721440872082,-0.9071511422068206,0.26695752067988204
1,2,1222,14.693121553993354,-0.7315695233050542,0.3543137072523044
1,5,3417,4.704488718621013,-1.9577246403846131,-2.6304020898234963
1,5,3418,8.791803838333614,-1.9497754475110316,-2.3835426091547034
1,5,3435,5.399071947691721,-0.2937366431170576,-0.5424414305657148
1,5,3436,10.774484749577608,-3.4143675545114656,-3.907852094353546
1,6,3731,5.425437561748779,-7.60437979798961,0.7163099233698232
1,6,3732,11.654410598910587,-7.027459455623528,0.49739239290526766
1,6,3776,3.4004990822624994,-4.782958349592315,-5.815209556132006
1,6,3777,12.870891446693342,-4.208596547851256,-5.456181596256651
1,6,3796,3.734449478608047,-2.973298967846546,-1.8148614404860215
1,6,3798,8.480881539535154,-2.232599410163387,-1.0174275316335022
1,6,3799,10.593355300916524,-1.5968458495305375,-0.5190503542471215
1,6,3972,4.092314032628695,-0.6205741482669069,0.6775037725189141
1,6,3978,2.9019708485712714,-0.8349511074834243,1.9610154149438648
1,6,3979,1.5100167238687037,-0.6030546841582053,1.9928955295272623
1,6,3980,6.057199500493012,-4.4865495224891045,-2.894362746475096
1,7,3759,3.205830618936471,-0.5142269061955475,1.5077229268714232
1,7,3760,2.5678664616756133,-0.6014940838002519,1.2360393330438362
1,7,3762,0.9931637648936873,-0.5766298897336062,-0.4707123556256293
1,7,3763,6.852255229355522,-0.24557758078114564,-5.6646669822333395
1,7,3764,12.974798706649082,0.299500500366789,-6.641212970141595
1,7,3773,3.2063560202803867,-6.450740136868671,-1.2878004592170282
1,7,3774,11.02724990521092,-6.961457534971208,-1.268122404844628
1,7,3788,4.950280262673682,-0.6837581850504262,-1.2085574962253247
1,7,3789,8.136233768742207,-0.5496877700232593,-3.378590741913663
1,7,3790,10.222531696938157,-0.5706482553553825,-1.5653079612359613
1,7,3791,8.593440893799267,2.5840845202823703,-0.9675737441611597
1,7,3799,3.04868079918394,-1.724747971597204,-0.34984109362092086
1,7,3821,9.087181968000817,0.850237664671817,-1.6826611985139808
1,7,3823,11.62998101280991,-0.646026929030187,-2.112187097844071
1,7,3824,9.724586275257092,-0.6178635569922191,2.3414389917121317
1,7,3827,6.586495650291265,0.009586558608458778,-0.561753298831046
1,7,3828,7.943690996073574,-0.10225094401794554,-1.4769652853018054
1,7,3829,9.067579945419897,0.02869253306206164,-1.2472922209652109
1,7,3830,11.15877764680723,0.2919391275863945,-2.398775216300869
1,7,4006,5.911241842555935,-2.3785919734497107,4.420846045780204
1,7,4007,2.8868235616403055,-1.9677113884413593,3.7523366812107755
1,7,4008,2.465145221478088,-0.8542371251166851,1.06734467905913
1,7,4009,3.6620735550817356,-1.490361745752423,-0.3029908678541176
1,7,4010,5.490762124222125,-1.1285241700549085,-0.8906371551758081
1,7,4011,7.850530126500298,-0.9191348396195205,-1.5047072378456765
1,7,4012,10.179612440090095,-0.7789887790861154,-1.5685863393035118
1,7,4013,13.041107075685487,-1.5720572876643444,-1.291373956144238
1,8,3418,4.503577542505376,-1.5481556167485278,-2.17508354610481
1,8,3419,10.14718781539506,-4.401956487703657,-1.3930300988023618
1,8,3433,10.797936087741734,0.07270912163283816,-13.56123661232329
1,8,3790,10.746925681214874,-0.6592634717994014,31.984890619466718
1,8,3842,1.9357753877251045,0.5088418919037441,-0.5623041077200222
1,8,3845,1.2326992430874666,0.6562055450556619,-0.512670031383984
1,8,3847,0.9307578594056144,0.4549534193489007,-0.5575893031575192
1,8,3850,1.9125370471131926,-1.0984245442495406,-0.30858393551279706
1,8,3856,6.206504454382672,-7.713035613904273,0.08757207248032953
1,9,537,6.858912489432339,-3.0286892063238406,-0.22836541538155378
1,9,540,13.271298349171664,-1.4083520249385142,-0.9903026689666607
1,9,3504,3.8446732453297576,-0.33336062569712294,-3.3341368402155207
1,9,3505,7.248316855959209,-0.0028785195479359704,-3.6205586386196154
1,9,3506,10.141997894924172,0.2699410426042287,-3.1973569201707295
1,9,3507,13.68478192378766,-0.7039805788113346,-2.840150432459024
1,9,3544,1.2807409586899257,-0.9315471525744434,1.2572187748533037
1,9,3545,1.2311551712818785,-1.0598974421864003,0.9413360282313735
1,9,3546,1.3549993699992802,-0.8536275597571507,0.5347750440362123
1,9,3547,1.829301749567645,-0.5244145615124691,-0.05804252915847807
1,9,3592,1.9422985904410133,-0.5473840785456613,-0.7848297971654072
1,9,3593,2.8875329142526587,-0.2513622435943725,-0.6951898148362384
1,9,3594,3.5351397331717513,0.1363193080570046,-0.8081452220641259
1,9,3595,3.6739013008086276,0.7426688842769016,-0.9324890402180429
1,9,3596,3.6880355232788484,0.7787992059709277,-0.8177626409562356
1,9,3604,3.4868802091993683,0.45462589589386393,-0.6140141868550695
1,9,3605,3.7569085397616973,0.4973676378477479,-0.8059169593772276
1,9,3606,4.022429831860088,0.42374900153576567,-0.7076436796594376
1,9,3607,4.094465763888804,0.41672433967103084,-0.5004506792889863
1,9,3610,5.227960116136062,1.2961690715648975,-0.8105376233625758
1,9,3612,4.257523144844838,2.0917792828947195,-0.5110602490698543
1,9,3613,2.6815176554537996,2.134877661741891,-0.5592263495389598
1,9,3614,1.3343263075735172,2.337606299469773,-1.0583696446110085
1,9,3615,0.8522171836886804,1.8231253972600616,-1.7426660808221286
1,9,3618,4.185630428674446,2.7576858451904345,-1.7534979479733896
1,9,3619,2.909630348227074,1.8534615744710234,-0.6987635918757449
1,9,3624,0.9478184543176698,0.3667409432738985,-1.1549301196226223
1,9,3625,2.403904510022467,0.2813997542301473,-1.7554602709341625
1,9,3626,3.876095290979297,0.03178109002252502,-1.508354411555277
1,9,3627,5.041694430995713,-0.13727685758207916,-1.031993730995849
1,9,3628,5.700758640324769,-0.12702022430585838,-0.532276826949425
1,9,3629,6.438691570615041,-0.20011101893393063,-0.5399691768567909
1,9,3630,9.299280368273052,-0.8163278801673033,-2.0636880018567116
1,9,3631,11.683085906799759,-0.47840190611109346,-1.9080356164688521
1,9,3632,13.796019692503853,-0.6279366171729721,-1.4855252140785151
1,10,3421,4.902858286512801,8.093543198635864,-2.5829279874357702
1,10,3423,4.074983143395777,-4.180809579642887,0.2389607983056968
1,10,3424,7.437808120208304,-3.465573285538964,0.03955972553557435
1,10,3425,10.024756818708974,-2.6560400279630647,0.06472086390410421
1,10,3426,11.94083252976898,-2.132108227745961,0.21203616539160253
1,10,3427,13.146586458841732,-1.4856013155503187,0.27775844056907584
1,10,3428,14.037114408346357,-0.9375424755319619,0.04572608607705447
1,10,3430,14.453461588006993,1.5116556420532774,-0.6622981953776866
1,10,3433,3.014823286319933,-5.0764968649373055,-1.353971994511429
1,10,3434,8.384871727906733,-5.794344858904528,0.24489889687049565
1,10,3435,11.96497947293863,-4.734272233037584,1.1482790303857624
1,10,3600,5.201725922333705,0.9300690006680298,-1.6014787492118523
1,10,3601,6.867223870920896,1.076573507342544,-3.6642466795622686
1,10,3603,11.902547161277674,0.432217220335887,-2.4039928538645836
1,10,3604,13.073397049454794,0.35313509241893803,-1.5665410787226253
1,10,3605,13.779674562366292,0.3062960016086037,-1.0325993992399163
1,10,3621,6.1193788385657095,-0.6302295383179539,0.41538689438823123
1,10,3630,3.9300870524107303,-0.8220335912256249,-3.054061263918584
1,10,3631,7.1615539667223125,-0.4811763336053736,-2.777291618228474
1,10,3632,10.121967700770485,-0.6256698967159129,-2.337687475396955
1,10,3633,14.269250477975957,-1.3889989755110839,-2.770839164525771
1,10,3966,9.333943845050172,-0.8635843397849281,-0.3811228445604885
1,10,3969,8.790153951894018,-1.4988126325988689,-0.5817183094725886
1,10,3970,10.773811601096206,-1.413067295590574,-0.8543450501270902
1,10,3971,12.555508603759788,-1.1248353867009802,-0.7450007301746966
1,10,3972,14.509900477256851,-1.4073639627951993,-0.5964130489410359
1,10,3985,14.633905299981889,4.0091865606448955,-1.4192341138140208
1,10,3986,11.284677021949637,4.123155566971524,-0.7767330960189952
1,10,3997,4.3883945297802756,2.3240972136350364,-0.9054270862489161
1,10,3999,2.518609644156868,-2.556744212670131,-0.18515847230094454
1,10,4000,8.222983818163765,-8.038178193939434,2.2371495568895634
1,10,4001,13.515356982354675,-7.22836518450171,1.9304993117802907
1,10,4009,2.612958155349232,-1.842119741359783,-7.394363804927269
1,10,4010,11.59973322761285,-1.3080956181556074,-7.854453868740645
2,4,2051,4.083987661499537,-0.9409999172068358,-55.10740776364733
2,4,2069,14.581363365371985,-1.5343684346480242,10.116579726222096
2,4,2073,12.164458918966915,0.7514598070147004,-0.5918867301724551
2,4,2074,14.357611943725509,0.6951636966839663,-5.479304746348181
2,4,2098,3.8137147157888474,1.3908819194128066,-2.216078381479385
2,4,2099,5.09855544518076,0.6802013120531435,-3.129364077376752
2,4,2100,7.004696125684997,0.4042026901124537,-2.682162025881091
2,4,2101,8.815221372987985,0.06135699397297101,-2.000283668539679
2,4,2102,11.221906277064372,-0.9144202027143842,-1.5084492912665606
2,4,2109,12.939786827262383,-0.6176471782581433,0.6852380332827853
2,4,2125,8.620071659542388,3.0063792086801318,-1.076443963681638
2,4,2141,8.333942468799007,3.2553168271219115,-1.734871007325208
2,4,2142,6.7714411519478,2.9709593379331314,-1.4101231070140288
2,4,2161,14.16020359037146,-1.547160222542842,4.496710808854199
2,4,2202,4.475656376435789,-2.2795416996150735,-0.04023997024757697
2,4,2204,6.498764185199532,-1.8945341311757904,-0.1348396646471946
2,4,2205,7.21555416582866,-0.7022843397864166,-0.019815253742778927
2,4,2206,7.956143601381045,-1.3034522222994214,0.5226308450130881
2,4,2211,2.6332521285354464,-0.6246647714343179,0.4362802623787514
2,4,2212,3.3580458212283757,-0.8200985131648584,-0.4443996952679786
2,4,2213,4.230872807887133,-0.6275584451764596,-0.29804430035539625
2,4,2214,3.764606997664881,-0.5126133212589784,0.9492174621084193
2,4,2217,5.1134474085163975,0.11489170604650001,-0.7485081725417795
2,4,2220,5.430400220273997,0.4910088856307695,-0.7648444088120698
2,4,2221,5.626057146955074,0.5175459602177753,-0.7235832540698476
2,4,2222,5.329864548936303,0.8095751040383043,-0.8187435508833963
2,4,2223,7.722954735945594,-1.1062085637260106,-1.3297747444983048
2,4,2224,10.692155482950067,-1.1579145969114948,-1.8112864785772813
2,4,2225,13.345471053126227,-0.9794780314808713,-1.674031870797462
2,4,2237,2.214608506186648,3.0479361269412766,-1.0270206865713334
2,4,2238,4.358736170182721,-2.31997323079633,-1.774718572406536
2,4,2239,9.362110229152968,-2.4979572949649915,-2.6100417041347503
2,4,2240,14.398291308007469,-2.0231976071684263,-3.0286253034522184
2,4,2255,11.085075782224049,5.063539990963812,-0.5717605797319586
2,4,2258,4.819543787451994,-1.3811008062136745,0.3843820979965074
2,4,2259,6.078124317629822,-1.8566198701148655,0.13507781636178462
2,4,2260,7.5283233510554455,-1.0990079850988255,-0.529702839262975
2,4,2261,11.436046508772403,-0.5268341126239406,-3.6364959846443803
2,4,2262,14.636774799461866,1.0404259393477129,-4.288890277761938
2,4,2343,4.762301684368586,-2.298241212674627,0.8362259150523532
2,4,2344,5.685020535474803,-2.882079796249322,1.7113095912986505
2,4,2345,6.440243932556699,-2.430673647671428,1.608845471749255
2,4,2346,7.187221284606716,-2.0215409162461655,1.2595839283317767
2,4,2347,7.808547594699756,-1.6430727673718146,1.009214162001988
2,4,2348,8.322420943740466,-0.6266198691927032,0.11273444428054413
2,4,2349,9.140455476995456,-1.3581927705605208,0.5387312171182508
2,4,2350,11.240606557222726,-1.4444655174488392,-0.662306977946144
2,4,2351,11.806920794374074,-1.404357984411322,0.8379215064191358
2,4,2352,12.191321543677,-0.5395307733542648,0.15464446029537302
2,4,2353,12.879893642556793,-0.8490333782043369,0.16025214089032574
2,4,2354,13.583997142331759,-0.6341448356147961,-0.07019276287251502
2,4,2366,12.859374461477486,1.6838752017823144,-2.894420879846538
2,4,2496,12.921855965515704,-0.7685850605588591,2.76220962789448
2,4,2497,11.359313303055362,-0.7076673558091661,2.2527062754295333
2,4,2498,9.504111893882461,-0.6995058210403586,2.532621719070119
2,4,2500,7.6453185615917985,-0.7366851008409734,3.307636234052479
2,4,2501,5.390363872664331,-0.7634202647634938,3.018205740385343
2,4,2502,3.5652219443662903,-0.7641863192391705,2.5891698553602325
2,4,2503,2.6665502414303335,-0.6260639892250957,1.511472174475963
2,4,2505,2.9994508561644313,-0.03562670477087415,-1.3071684624469513
2,4,2507,1.6051755001241264,-2.485765354147693,-1.0087898732646219
2,4,2512,3.759961490599191,-2.284156561753158,0.8250643521795207
2,4,2550,10.630538713665953,10.900423390249818,-1.230168885719593
2,4,2552,13.37684894121177,-15.619716659969006,3.0134044230035446
2,4,2571,7.186032478029822,-0.6940186723808675,2.522469493879678
2,4,2572,6.102767641317773,-0.7121519128335285,1.7660704708923292
2,4,2573,5.954809567344075,0.8135429787687709,-0.6801694353592433
2,4,2582,10.254618891224498,-0.6159305855544616,-2.0884057354520733
2,4,2583,14.56389798791524,0.03369714013594053,-4.445614079949591
2,4,2587,14.553394751737338,6.240178262019943,-1.0246340117255246
2,4,2610,4.334147682102134,-1.4272410322894813,-1.2151755395740569
2,4,2612,7.471926847651445,-3.138971420799971,0.2449096001110439
2,4,2613,8.240501166850256,-1.7563268935349956,0.9361713512688211
2,4,2870,2.916191942314918,0.38103934517738886,-2.0109106422412264
2,4,2871,5.489431287013095,-0.23340533166449778,-3.0957437755294652
2,4,2872,8.33526076766615,-0.5162209763251272,-2.4002557664458273
2,4,2873,9.880416017297124,-0.10157911505083786,-1.451904189817168
2,4,2874,10.074742773714924,1.0091640885214401,-1.204426546337467
2,4,2875,9.54506695275785,1.5547765217605438,-1.0252106566210177
2,4,2876,8.911194372893682,1.247555711300426,-0.6142338292918325
2,4,2883,1.2888027559773085,-0.5374168155060828,2.617345403135051
2,4,2884,1.6527746837698793,0.5100846441759298,-3.3163778755482465
2,4,2892,13.652781553724013,3.0784707436060117,-0.9710534459376967
2,4,2898,2.254829646689698,-2.0992717350704484,-0.5475176199491202
2,4,2899,4.205322651055815,-1.619678108142656,-0.3502348106540617
2,4,2900,5.611854198040901,-1.1734993582520155,-0.23437137131140018
2,4,2901,6.647320826824366,-0.8417669169988344,-0.19398659971692647
2,4,2902,7.833493004913773,-0.9645671197837409,-0.22414777568428873
2,4,2903,8.952802222332467,-0.8497162689598866,-0.2746229139594937
2,4,2904,9.659439865431063,-0.5586084346469934,-0.1574601650200336
2,4,2914,2.734703445903699,-0.2593166075432582,-1.7674101004679397
2,4,2915,4.864354877820986,-0.672493529427161,-1.4737686355924469
2,4,2920,10.10486271342244,-1.3487814153874682,1.0996147996435253
2,4,2941,1.7620366118977446,-0.23097180623416952,-1.1826783423099734
2,4,2942,3.4768847343382845,-0.2901473726728559,-1.468640914001892
2,4,2943,5.317911807579638,-0.338555527026453,-1.5029199836052465
2,4,2944,7.056773554681681,-0.2428618543000477,-1.4966229444078754
2,4,2945,8.551814192487962,-0.10357170586948608,-1.3920338148226659
2,4,2946,10.049920392666277,-0.2990721557542511,-1.2003242833764958
2,4,2947,11.30074857468276,-0.28402194668438896,-0.9675302146987195
2,4,2948,11.989117843681363,0.013588750124235494,-0.7019596630114657
2,4,2949,12.467507438701126,0.160869999422516,-0.6395935203408728
2,4,2950,13.381185271551695,0.225424024994836,-1.151818384432984
2,4,2951,12.951294309682378,1.0261931006054787,-0.6062594322820295
2,4,3704,9.245033401500194,-0.9607458488988785,1.418665636912023
2,4,3705,9.440954751857722,-1.3562175280503466,-0.042705349885991506
2,4,3706,10.938548575363372,-1.2404219947002975,-0.8068264250316486
2,4,3707,13.378663284082792,-0.8620422841621347,-1.9609344564969695
2,5,2076,6.1839891792460815,1.61741724764176,-0.5950766207627362
2,5,2077,7.548838030793133,-0.805010066506968,-2.116942841892682
2,5,2078,10.175861684307526,-1.1070406455820094,-1.8941379580230058
2,5,2079,12.755394775763499,-1.422059166862574,-1.3074304648960018
2,5,2099,14.49559367089524,-1.66521260251164,4.623527796971264
2,5,2100,11.49875387430588,-1.522504711086758,4.505722173833423
2,5,2101,8.784885665889167,-1.4646155675499217,4.140521345603002
2,5,2102,6.0287364333524005,-1.876912121315961,4.411824797860653
2,5,2863,2.261069845792919,-16.501754203370297,1.0081286475666074
2,5,2864,2.901711553278141,-2.837197955651889,2.1577924543585545
2,5,2865,0.895342209913076,1.7480787615197944,-4.398156751057833
2,5,2866,2.8483276959271158,2.2477610367022978,-4.360101860360939
2,5,2867,4.8123751000576,1.3102592197913068,-3.3170722861043496
2,5,2868,6.698681503141588,0.9156743254017142,-2.8067734648142832
2,5,2869,8.69540310940978,0.5407220615173224,-2.5400481669641692
2,5,2870,10.361626370749024,0.4007533059678365,-2.0732958778339725
2,5,2874,1.7326274263647568,-1.022814357760709,1.3179742035284798
2,5,2875,2.2475456372804103,-1.6675128222567206,1.12538786843369
2,5,2876,2.623887002656818,-1.4485756300120438,1.0530992087780604
2,5,2877,2.9982398338097416,-1.3558338657317728,0.9739977377695609
2,5,2878,3.555973982631599,-1.4400402678318491,0.8821999602483168
2,5,2879,3.8930467578554593,-1.1163682839018694,0.7789091305716279
2,5,2880,4.031353401800297,-0.7612622327285457,0.6224263971276406
2,5,2881,4.090113039670497,-0.5088823404421354,0.4500662701417355
2,5,2883,5.355090285235773,0.48129050858362493,-1.759773945861355
2,5,2884,6.0628705669449925,0.4953016823537157,-1.2084013774154763
2,5,2892,14.63781732736115,2.99856924544985,-0.819121002546258
2,5,2898,3.8861578114709574,-0.9974587140050493,0.992832422541068
2,5,2899,4.7568920518772835,-1.466595068845299,-0.09397802703118474
2,5,2900,6.125832472983522,-1.1874588719230137,-0.3551048037034025
2,5,2901,7.365226634174377,-0.867409028504961,-0.43478052419049457
2,5,2902,8.765315080206904,-0.9711589661784259,-0.4696285959693909
2,5,2903,10.027568395199445,-0.8573986912529681,-0.4219159943426115
2,5,2904,10.79236480549935,-0.6028004916407783,-0.16206832004500166
2,5,2910,0.475422466226676,-0.6145184435088316,-1.2442107880440665
2,5,2911,2.2545325879447145,-0.5180923778756438,-1.262067875900238
2,5,2912,3.900008235362565,-0.4175137309709597,-1.247285903538135
2,5,2913,5.195471848093787,0.04177986046983511,-1.4345635599454774
2,5,2914,7.202305508146736,-0.2894095568095828,-2.16699000392595
2,5,2915,10.091871459933804,-0.9065789925705381,-2.2269860580178307
2,5,2916,13.379833494164311,-1.1750508277854443,-2.176378287686788
2,6,2806,12.491386767245647,-2.5547912419807277,-0.20478683618975455
2,7,1434,4.699654143366054,-113.57247025282894,0.19085839088820195
2,8,2108,12.889760977373868,-0.9228472608655582,3.8579931237187006
2,8,2109,9.359348417692951,-0.6905690760294237,4.051191584874912
2,8,2288,10.130255410444214,1.5377494100983022,-4.597565930972253
2,8,2289,6.584874499225664,4.410492999800192,-1.0157441529268367
2,8,2322,12.877410522566091,-3.049752130563409,-0.26830570882411947
2,8,2342,12.657967385281479,4.138107126673565,-1.392319040204948
2,8,2343,9.611918311316519,4.440575681891788,-1.4179713388681925
2,8,2344,6.903181651256815,3.7829529117895646,-1.1361494334902773
2,8,2345,4.479660072123021,2.9360018410836393,-0.6691973405880408
2,8,2346,2.584936385562426,1.35912937542738,-0.8511888410934727
2,8,2347,3.5478415199493862,-0.6418997541785312,-1.3503215902946122
2,8,2348,7.180575072033778,-0.3562585441138202,-3.4613123806440576
2,8,2349,11.930901738074024,-1.188366393739027,-3.611295728112545
2,8,2377,2.010565468238597,-4.875867635859654,0.8701895587450564
2,8,2378,6.513033457038117,-4.9688644723737045,0.13929135744839316
2,8,2379,7.403295046365329,-0.35630407209633047,-0.5493296397379516
2,8,2381,3.834984879598728,-1.8873513772222783,3.9687221696064876
2,8,2382,1.2999305037810265,-1.3264485426140489,3.793682015600432
2,8,2383,1.1652088679857875,0.5086871105833877,-2.582714404001866
2,8,2384,2.7351124555309094,0.8249105492498122,-2.4290796944695323
2,8,2385,3.4302052059175163,0.8871332846693682,-1.5889938306192273
2,8,2386,3.957400263296008,0.5085468586606201,-1.0381228038002182
2,8,2387,4.480421993731719,0.28515049006450727,-0.8104814077077733
2,8,2388,5.11270408344707,0.09374422974006255,-0.73170040580496
2,8,2389,5.8393238916242565,-0.10882526717125178,-0.6455776999408698
2,8,2391,6.7208319640666785,-0.7344806384864274,0.4020375109322105
2,8,2392,6.857043358821381,-1.0322741139414808,0.870569781456982
2,8,2393,6.052241401259767,-0.9730768162681825,1.7740175607749689
2,8,2397,2.2713650600423874,-0.12476700333724808,-1.1632928034694774
2,8,2398,3.4005034174286872,0.19652136220142025,-1.415168379716441
2,8,2399,4.310006621958254,-0.07831640335512666,-0.8770927706383114
2,8,2400,6.842736183692108,-2.5459793350480453,-0.07109906294413806
2,8,2401,9.80950946137565,-2.6715614686939677,-0.411643881011809
2,8,2408,0.140662372606962,-0.6763657931248662,0.18766137350355064
2,8,2409,1.3143538964334849,-0.539773857811787,-0.7105048698723752
2,8,2412,1.1057604493666313,-2.4042730482599803,1.2899436861421438
2,8,2413,2.124342541117615,-1.8103434902651896,0.6457953642039108
2,8,2414,2.807008261066133,-1.0493079407826977,0.3523260213762476
2,8,2415,3.880499069420877,-1.7764273085933695,0.702503196973842
2,8,2418,7.467285431848782,-5.258199406830112,0.4454389445442788
2,8,2419,9.480571351360345,-2.44206924792812,0.38177505882823376
2,8,2421,10.094196949233575,-1.2763788352870327,0.29176676966761195
2,8,2424,10.85426899792082,-1.4664974680438807,0.1626107712616345
2,8,2427,10.552158218704674,-0.6948770248348027,0.5565705770844879
2,8,2457,0.908708190144623,-1.0484295498656488,0.3601185140906278
2,8,2459,1.6747360752467768,-1.5277686845525986,0.27112094604495135
2,8,2462,2.602966404404924,-1.5790994152728617,0.4717598060890305
2,8,2469,5.139820362767986,3.0884053198460535,-1.3744543463490455
2,8,2473,4.709379793130834,4.289285302084108,-1.060041900611382
2,8,2474,2.939264258188066,2.431951641841793,-0.8298911902779735
2,8,2476,2.9416937224039006,1.4444904334271667,-0.7058568213677525
2,8,2487,1.710715575338032,0.1321142227920157,-2.9153018573375915
2,8,2488,5.942630714526655,0.8522814169315356,-5.598154400731838
2,8,2489,11.334754583401132,0.4796710444175133,-5.952987478321814
2,8,2552,9.85574353807648,-14.449538256717885,-3.457550580490171
2,8,2588,0.6668768113690726,-4.889835731902997,-6.724674347687388
2,8,2589,11.940098982516721,-4.583649165180877,-6.7699533191340615
2,8,3652,3.327050662627177,-6.287223886397002,-2.184744046387879
2,8,3653,8.700708082592774,-5.3844493523777555,-0.00832829155155354
2,8,3654,12.716610595445328,-4.042786979466569,0.01769566985328426
2,8,3676,1.6178230999956804,-2.674729801211754,-0.3093694286681372
2,8,3677,4.434411360397624,-2.8729217666257307,-0.06878713078215314
2,8,3678,6.480828980006061,-2.6035450603429284,0.5282263789517896
2,8,3679,8.052688782398171,-2.333478164340341,0.7518227792253297
2,8,3680,9.508828467180273,-2.138718187931689,0.6825594057607574
2,8,3681,10.516060601446117,-1.898332880923405,0.8902073447638807
2,8,3682,11.356253106899857,-1.5902645228528345,0.7500442121640811
2,8,3694,4.825707734945759,-1.3618813178453357,-1.4551916932867814
2,8,3695,7.3060197235692765,-1.4001243071104224,-1.3580331907058496
2,8,3696,9.410092145417657,-1.2385671974094494,-0.9573237023788227
2,8,3697,11.401059265285943,-1.210075016300585,-0.7948638103454594
2,8,3698,13.650497884349143,-1.418845395998607,-0.8329273996451085
3,4,807,1.5016871270158811,-0.8023246218694338,1.9315441245004334
3,4,808,2.14121151897894,-0.7386588414322341,-1.0221509343463333
3,4,809,3.827016273773753,-0.7826257016350071,-0.9930741401515801
3,4,810,4.925934054664403,-0.5266552738878756,-0.5727612880615316
3,4,814,5.203215020532709,-0.7449543235592871,0.9022987805653985
3,4,815,4.35143303226757,-0.6519176723689144,1.4893399060464327
3,4,817,2.0984369589021887,-1.0916201801955847,1.6454255431133495
3,4,818,1.6924081036416418,-1.5462728634671246,1.9145103108773522
3,4,821,2.4267619338216635,-1.1684436121099802,1.7268220006618258
3,4,822,1.950793614272225,-1.2099880427478518,1.5798319403944823
3,4,823,1.6875675673587431,-1.0509257786986277,1.1336928366880816
3,4,824,2.0251306656278873,-0.5808017751210862,0.1472772754290701
3,4,825,2.585417818018307,0.013404003074372783,-0.619023160407413
3,4,826,3.2968728205454627,-0.17645215988241253,-0.556083363783098
3,4,830,4.873295302915444,0.23775405067211797,-0.5265478329953779
3,4,852,2.7930361835365276,-0.540491519433222,-0.4129507659489814
3,4,853,6.0296605123849405,-3.52043321988854,0.24374619870212716
3,4,855,9.40812752544564,-2.5146953972671966,-1.0298315498066994
3,4,856,11.606046263214553,-1.0765388467190906,-1.1213820862117723
3,4,858,14.19264366529248,-0.7280768118703798,-0.9549695003630376
3,5,3949,2.2113208165910363,2.0719047692743846,-1.1708600474601185
3,5,3950,5.312547017255176,-3.269260055094004,-1.307339308186589
3,5,3951,9.00959287555614,-2.7119390673021937,-1.0538170528876987
3,5,3952,12.406021279864417,-2.438844581386387,-0.9721271211581574
3,5,3965,13.109199464753312,1.206679468582655,-0.9783722195954465
3,5,3966,12.856599063693023,1.141826125947168,-0.9287999611962381
3,5,3967,12.28289870081991,1.3367772917774898,-0.8055492330416142
3,5,3971,6.316903229312314,3.8351015549942424,-0.7049404762564822
3,5,3972,4.595173280820184,2.528904215805821,-0.830089640055444
3,5,3973,3.148739813087034,1.9978624119309405,-0.6316201596329232
3,5,3974,2.257999122261343,1.3027156824108868,-0.5185622200591307
3,5,3976,1.8465256066359828,-1.314189806034766,0.516688419775238
3,5,3977,2.29749691533059,-0.8827653616268509,0.3438192712675201
3,5,3978,3.036942208568095,-0.8091847705036207,0.02746686610113523
3,5,3979,3.9478343357132726,-0.7804147662398235,-0.14455441581123218
3,5,3980,4.809706944086536,-0.7025988931456121,-0.1623661236994994
3,5,3981,6.3801387903091555,-1.5142257764569393,-0.06166613255969054
3,5,3982,9.020287469798197,-2.8358431346601414,0.18741963338934328
3,5,3983,10.986948403482995,-2.539534118395914,0.5711280650943245
3,5,3984,12.225869112090267,-1.9856569318440953,0.745429144395072
3,5,3985,12.516136008319744,-1.6384518998986657,1.3408815357498634
3,6,802,10.361811879346815,0.8862778169595485,-0.7799933638370486
3,6,803,11.133309129723377,0.22463027838546507,-1.6300488066995786
3,6,804,11.502167654172517,0.774524079628621,-1.5272664555063233
3,6,805,12.64805525174636,0.43063148417459474,-1.8295448710134772
3,6,806,13.869660684079655,0.16851146497311784,-1.5341614007648467
3,6,810,5.969503821911817,-0.5345643172710165,2.803120846359303
3,6,811,4.538354645229713,-0.7316465536588013,1.7903759914591932
3,6,812,3.8493935778638466,-0.6168763458741074,0.9441413764352924
3,6,813,3.8721244979718645,-0.5869086985734835,0.2793613528824941
3,6,814,5.49068606295548,-0.647894569611967,-1.4492555919622383
3,6,815,8.281764279432446,-0.8278980015015209,-2.098596215028287
3,6,817,12.723284774322646,-0.4235678025647061,-1.9683665984913463
3,6,818,14.037987305932115,0.1249821668818979,-1.4407480834718882
3,6,855,3.085318228039812,-3.026341377388315,-1.4079744254960387
3,6,856,5.74429985935876,-1.3740627855795884,-1.2932338141123179
3,6,857,7.72475764486411,-1.021206478551221,-0.9634745449664128
3,6,858,9.261016969196497,-0.7504076433768534,-0.7880337969649154
3,7,3900,5.632817535181815,-5.305934793463667,-4.5701146646529835
3,7,3901,8.652217799903916,1.0237958766331683,-4.047726671004312
3,7,3902,11.011041176721829,1.1593272509509172,-3.5202951978496206
3,7,3903,12.516749837467506,1.0605216956900576,-2.56794986367845
3,7,3904,13.967138366727815,-0.17729514339557165,-1.273727177739655
3,7,3913,5.825171744843457,-1.4687675077209457,-8.1486446921643
3,7,3949,7.638272392464194,-5.893600332671189,-2.0875034222808795
3,7,3950,13.899229035782215,-4.348562464267804,-1.966219458936545
3,7,3974,6.541990165689594,-1.6363525170001574,-2.5876694658459423
3,7,3975,10.540930386861879,-1.6399396838054459,-2.3768760022171156
3,8,809,5.3497621108905395,0.9794532956412951,-3.0548021783606423
3,8,810,7.001562063818067,0.6990303875672017,-2.7021182236338803
3,8,811,8.962882899295414,0.039521406667308634,-2.101366529627342
3,8,812,10.508272395861448,-0.1586591170130573,-1.417491146031403
3,8,813,11.395547151151296,0.1639648179583931,-1.0670120943354786
3,8,814,11.245519542171959,0.7116127590109054,-0.5708595616255757
3,8,823,1.6212699104519086,1.1861925777645406,-1.137833730261692
3,8,824,2.953303791304874,0.2975238872866795,-2.2100596962905716
3,8,825,5.191794823475409,-0.16722696266518572,-2.1085252347196324
3,8,826,7.138454952802413,0.019175195587247562,-1.9849353817445115
3,8,827,8.730525832941451,0.17088021657340619,-1.7724203302366823
3,8,828,9.880800365616134,0.13816714092892388,-1.2961945883597508
3,8,829,10.88234810835681,-0.01058845368847349,-0.9924094155279624
3,8,830,11.93102448557993,-0.17416793380126194,-0.8755126086405327
3,8,831,12.561472807544884,0.023348981632625387,-0.6537977051690358
3,8,839,12.152573172242821,-0.1376549455516657,-0.7593461532977224
3,8,840,12.922781365495275,-0.1445321948817999,-0.6260655017354096
3,8,849,11.531666606573525,-1.203742990329401,0.5202429178790205
3,8,850,12.434688019325609,-0.8583597797704065,-0.044710915052055614
3,8,852,12.608811296450538,-0.6477555740625097,0.50098880388622
3,8,853,14.864450145421719,-2.6649079573101804,0.16223584738834812
3,8,3898,2.0723433136821274,-1.3423110975812556,-0.21828660825529855
3,8,3899,10.271459790224728,-6.647872319497726,-3.0263572870834556
3,8,3904,4.0776843850158855,-0.6984311408237922,0.17303742853715787
3,8,3906,3.816871773934814,-1.8478059465528105,1.3945404193028672
3,8,3907,4.705207174567962,-0.6316252079187322,-0.9117348531497109
3,8,3910,2.7910751040115676,-2.4560003363891205,-4.773652007678906
3,8,3912,11.86963004528843,-2.1686183114237663,-4.683391953825067
4,5,531,12.4966091161408,0.6778286264027801,-0.8246424614622624
4,5,532,13.108301576563383,0.689756536094049,-1.3720839835548708
4,5,533,14.47621428567893,0.5657015636871043,-1.9847677279017686
4,5,548,14.053079798700285,0.13418497989867187,-3.502058673215328
4,5,570,8.990144743493484,-2.8316559631822367,-5.206798439953409
4,5,2074,2.43244214839315,-5.717800369736401,-2.241537278152493
4,5,2075,12.87291327733683,-7.132791615140389,-3.7885982727286054
4,5,2101,4.862284603770211,-2.0233776141705313,2.582436360902749
4,5,2102,7.804987445089962,-1.9434643623887065,-2.503173192390263
4,5,2869,5.918316674324289,-4.415481546577396,-2.247353183063494
4,5,2870,11.961479764423068,-4.3309604189879165,-1.9588401152767263
4,5,2871,13.710176123104212,-3.2946422327956064,1.5302570644643607
4,5,2872,12.753251303049177,-2.4318167287931773,3.3886425457786538
4,5,2873,11.91381847882793,-1.4506077603289473,2.2900116356881677
4,5,2874,11.804263610713031,-1.205393780596605,1.314947657296982
4,5,2875,11.741387741596741,-1.056232466165839,1.1095552951758887
4,5,2876,11.406236433042753,-0.6848760726459111,1.0074745238006544
4,5,2883,6.432700064871873,2.7027378354508476,-1.7995078448352169
4,5,2884,4.431258632608903,3.1372504080794434,-1.1874660377593933
4,5,2885,3.2454115292133907,2.683108469799596,-1.674274182768872
4,5,2886,2.6308913928836195,1.7091778153027661,-1.352752692170201
4,5,2887,2.4853660811749956,0.8485357315374235,-0.8732200886836707
4,5,2888,2.8254120809788494,0.4695656373625132,-0.8334346740918057
4,5,2889,3.3362486174886996,0.3265884095710339,-0.8413811782032008
4,5,2890,3.711681583722476,0.467137260720659,-0.8433171876439682
4,5,2891,3.861356412048455,0.5837817065209825,-0.7334968709893365
4,5,2892,3.848010553378249,0.5134127749212976,-0.5073414287878759
4,5,2896,5.369852765046648,-1.1606436117810381,0.05524758945889545
4,5,2897,4.432611027414021,-0.9711043366197469,1.9074723210772853
4,5,2898,3.316105127885021,-0.7309484593084274,1.8324074567305575
4,5,2904,1.5536589845708009,-0.5158792021227601,0.1554268153991292
4,5,2905,2.32478502222062,-1.1661735580929058,0.2950519301635324
4,5,2908,1.1043188369846142,0.7513163334383682,-0.6412115596253132
4,5,2909,1.2056123297557548,0.7970674814211766,-1.0257418630620085
4,5,2910,2.0973918186080964,0.2214611648578032,-1.1620632404642817
4,5,2911,3.05069213814267,0.23328633697600176,-1.2136296253632932
4,5,2912,3.8935190022446284,0.25980864803527004,-1.1856060801844945
4,5,2913,4.562006889177814,0.5123049654998506,-1.373386372171777
4,5,2914,4.469558777863423,1.715197365403264,-2.186834215158247
4,5,2915,5.378019733936306,1.0292066483097444,-2.300944563680824
4,5,3374,9.630616022117989,-0.3473646943126134,-2.4526980252088637
4,5,3375,13.74258807198777,-0.5879011400932824,-4.201821191630768
4,5,3397,3.7419452097176253,-0.8941282249019766,-2.7879833059133885
4,5,3398,7.282414708994089,-1.2115576958979168,-2.3859672484927605
4,5,3399,11.099492082812722,-1.6619167699317599,-2.2175952249011006
4,6,781,8.378399935503811,-0.15103798198051635,-79.2165833917211
4,6,805,6.454133997905298,-3.041503379641352,-1.3368804763580173
4,6,806,10.488528116153159,-2.941367097560378,-1.4303141169856526
4,6,807,13.30112552975299,-2.582469230453296,-0.3018774149269857
4,6,808,13.390303501423668,-2.141931881104993,2.0372514569983635
4,6,809,11.537778704168739,-1.4926787387142577,3.338014802681604
4,6,810,9.314576432106708,-1.0025342843461524,3.214417421644226
4,6,811,7.413226062763257,-0.7829376731925968,2.665777687673765
4,6,812,5.821078053587621,-0.722831870857172,2.2934366063950824
4,6,814,7.2253108822996746,0.13393841673198936,-2.8429010306663485
4,6,815,9.584840064549391,0.3376135048484329,-2.738569399480403
4,6,816,11.632869829375434,0.4356502193759151,-2.4996445631163655
4,6,817,13.219031875274963,0.5886518274764888,-2.1803313037157364
4,6,818,14.065625540232404,0.7342441478353428,-1.597239681040193
4,6,833,14.58035015567156,-0.5229592076455596,0.4502649306770915
4,6,844,14.371935840851439,-0.885185788458728,1.613602135882304
4,6,845,13.872423485396371,-1.1692881775521276,1.668518277076612
4,6,846,13.452361953860322,-1.0714626165877825,1.4894571194960176
4,6,847,13.036235181813957,-1.0376569591723697,1.446093505841783
4,6,848,12.600305846910425,-0.8717536486963765,1.3067200885331924
4,6,849,12.378793810309638,-0.8172750284964201,1.0373362933023735
4,6,850,12.145407136456956,-0.6390090628002159,0.857064537093577
4,6,851,11.78687524931568,-0.7456851720456747,1.0954335151579508
4,6,855,6.478572665926875,-1.27025517405131,2.0493449377402895
4,6,856,6.0631781363329695,-1.404667231725135,1.8096822954456182
4,6,858,4.936314515520802,-0.9928592329797785,0.8606140452333256
4,6,864,6.082001523554284,-1.3580892283522774,1.7848544445651948
4,6,865,5.759345108921882,-1.4768221230369525,1.621995699253151
4,6,866,5.550019308368505,-0.7339536735601387,0.8470133216451659
4,6,867,5.116934617201435,-1.101364933741854,1.434364320638505
4,6,990,12.598536941830632,-1.8927600129511197,19.49903045102018
4,6,991,9.71850139544781,-1.7027797085103624,2.222723473910925
4,6,1843,3.2456847483406612,0.7389525179463817,-1.2500691557639192
4,6,1844,3.83740832008467,0.5208240249170712,-1.3754340541869317
4,6,1845,4.653476422542456,-0.024083711352069853,-0.9171258933373141
4,6,1846,6.371856380653405,-1.3349752637418937,-0.4377912572954124
4,6,1847,9.358520013066812,-2.9213864492101096,-0.07091887038492568
4,6,1848,12.637301301797983,-3.466105671170106,0.1873185197981357
4,6,3110,2.810944132477704,-0.9491699108832716,-4.8181729528519
4,6,3111,7.645295427219456,-0.7364408908678969,-4.19283606461025
4,6,3112,10.664472006149264,0.3782434122353238,-3.4147672217768754
4,6,3113,13.192950522797132,0.21082056136725985,-2.753152804662303
4,6,3172,3.6871672130308086,-3.1976597004916996,-2.5218916405260625
4,6,3173,9.220351196480868,-3.421508866729341,-2.1122272633682937
4,6,3175,13.640995267629414,-1.54148646965008,-1.3956657967855055
4,6,3176,14.329669859375711,1.4933506171204374,-2.1820312143151623
4,7,1807,14.612323340856685,6.798125995905453,-0.5458507345637963
4,7,1809,9.588810417443073,6.117208284832121,-1.0210631794251035
4,7,1821,9.918383364608488,-2.748069637137581,0.04697600472884657
4,7,1822,11.973313171812944,-4.416231660778792,1.5241081753290013
4,7,1823,14.653958803658332,-4.438805416778147,1.4345095969673853
4,7,1834,11.108529096456204,0.35937281053640713,-1.8196294779131703
4,7,1835,12.31653141401249,0.9854582613832261,-2.1977937511520937
4,7,1836,12.904667959083424,1.5309394226792294,-2.126376173358645
4,7,1837,13.150124656033059,1.8359146981755519,-2.1012379030831463
4,7,1838,12.892623137378328,2.0927773862493178,-1.8732612527589634
4,7,1839,13.761401327303702,0.7383225183514989,-1.6094603531823297
4,7,1840,14.834932013525618,0.24880146030550745,-1.3261239882845917
4,7,1861,7.3796945304487425,-0.17718379831915104,-2.7071543892667136
4,7,1863,8.745717604358898,0.04286457307234909,-1.3501880770411967
4,7,1864,9.766836713912472,0.11767801602205263,-1.1391399076186663
4,7,1865,10.999501135641534,0.14096516641168932,-1.3740902550405671
4,7,1866,12.274913411342226,0.12089873729011102,-1.398062367046394
4,7,1867,13.245168444645598,0.06969471668058724,-1.040845916052912
4,8,530,14.574800058301262,0.5928962259545913,-2.498057642663543
4,8,565,6.792375485350261,-7.831121888131682,-2.5838964270703104
4,8,780,10.9991601086585,0.33855616340489525,-28.432171845203793
4,8,808,6.188657861883115,0.6984149862644229,-0.9259747905122123
4,8,809,8.827724503619427,-0.5498417411162635,-3.8070502253430214
4,8,810,11.861895986437583,-0.45178792885759284,-2.7941271304927957
4,8,811,14.229577554105955,-0.32144243715055393,-2.110982541569709
4,8,823,3.2815341679069236,1.3115802156443521,-1.3938293990520525
4,8,824,4.932177812439853,-0.1031137808899697,-2.1770517926824255
4,8,825,7.733670457616965,-0.7793027803704948,-2.1178336095280286
4,8,826,10.39768351623565,-0.6988150344035806,-2.005960067079234
4,8,827,12.632626822261068,-0.45950813653113914,-1.7965593640468667
4,8,828,14.171338597778519,-0.2535369585204647,-1.3034498875758136
4,8,863,3.428282549484703,0.6689394594751646,-0.9808869337728212
4,8,998,9.524320413749896,1.354489194430215,-5.938466895526437
4,8,999,11.415721897454285,1.7714017284696082,-4.778711267040908
4,8,1000,13.719123659406167,1.6189615659000283,-4.280118368797168
4,8,2081,7.767707100432914,-1.2495703836879288,-25.301833003896423
4,8,2109,3.892871021233082,0.05235934447897678,-4.33607674108842
4,8,2296,5.748741077329238,1.9599320346441491,-0.8401329039033336
4,8,2315,3.2329702794176196,-3.659730048629066,0.2412226310074766
4,8,2318,8.060582408811179,-2.501134362667929,0.3264259811939473
4,8,2319,9.864894140407433,-1.8102589251862335,0.003668120414142162
4,8,2328,11.730485390617586,0.3950899763773431,-4.15369159650907
4,8,2329,12.675473524057399,0.8281046835392096,-1.7730928881871661
4,8,2330,14.746462842080847,0.5016015801399412,-2.577156487797491
4,8,2338,2.865697851204004,-5.696149408144022,-0.7189469425946248
4,8,2339,8.901700665110836,-5.524482395708166,-0.5406006733231911
4,8,2340,12.176855268784044,-3.105821673771463,-0.17053971554038927
4,8,2342,12.86476511533635,1.0449706773775276,-1.2744741139277638
4,8,2343,12.398940040803751,1.686748056663126,-1.2235592061782106
4,8,2344,11.281080235565087,2.0047925199250063,-0.9058539922461727
4,8,2349,3.1002359409165954,0.06571316178494008,-3.5497324798671497
4,8,2350,6.006724557476937,0.8296375599488747,-3.84773826080713
4,8,2351,8.7729300838286,-0.7668068249007355,-2.044740143861514
4,8,2352,10.80357240655862,-0.13727753729317077,-1.8940901538590067
4,8,2353,11.915005098596254,-0.16882312393713902,-0.9458647652939098
4,8,2364,11.013138097556661,1.7543803494818828,-0.6908557594899674
4,8,2368,0.12572625832726642,-1.8111257850968572,-3.21662185601759
4,8,2370,7.874618986619633,-2.0445788831258884,-3.641450226369015
4,8,2371,12.539433607628643,-1.9134996616219753,-2.7521805641870585
4,8,2492,4.500366343115174,-2.6043231707041734,-3.235173668049881
4,8,2494,13.7913097575063,-2.3161215366408023,-3.541162382292042
4,8,2553,3.8852065542410115,-4.134580056764403,-3.072750197219877
4,8,2554,10.436579852430548,-3.964798910438342,-2.6249294478058096
4,8,2587,1.9554183445873734,-1.404383660971042,-3.268148005146729
4,8,3178,8.723962330831148,-5.035903850279574,-3.6323271235881123
4,8,3353,3.58457689032755,0.6010113147830475,-2.3494629399819695
4,8,3354,7.605955331579016,-0.9782365479655911,-3.7617443131774198
4,8,3375,1.548468723656202,-0.6312137658522321,-0.13934147424482346
4,8,3376,4.370634282939269,-3.0466952913812215,-0.16588672871628748
4,8,3377,7.574895195351123,-3.316621686009462,0.1018494126063382
4,8,3378,11.142831937605235,-2.7777170327714313,-0.8519454108757285
4,8,3379,11.525591302933321,-2.283791968001525,1.807965570333263
4,8,3380,10.185403515800328,-2.032779150243026,3.3725211078308286
4,8,3381,9.140623277054916,-1.655527816135869,2.6511939241486893
4,8,3382,6.853361915688832,-0.6500115355279723,2.184078114455264
4,8,3383,6.615715637469985,-1.5792326536721482,0.6583111310975439
4,8,3384,7.964045435507372,-1.5932335300401341,-0.35611383632029237
4,8,3385,9.78987458749633,-1.2883356137222344,-0.7576266155520501
4,8,3386,11.553209804480536,-0.9511045598523211,-0.8905224903460941
4,8,3387,12.940130784494013,-0.6704272959654061,-0.7512433416631359
4,8,3393,13.559314807186636,2.394997062926764,-0.6631862003232958
4,8,3399,3.1614701914402876,1.5229047532215065,-0.863510037988404
4,8,3400,2.9261480387678964,1.3350126054268783,-1.1724691608301763
4,8,3401,3.040943131647737,-0.8726599403813748,-0.9405459690832543
4,8,3402,6.435198308289457,-1.733411319980879,-2.1734700692536366
4,8,3403,9.61980082779502,-1.381667089747474,-1.8259633409272766
4,8,3404,11.979028770623529,-0.6511786200397367,-1.7170375111757155
4,9,3116,10.979089212569226,-0.7588376817458243,0.7456916376892179
4,9,3117,11.327056677139302,-0.5775544630998127,0.22954662274490903
4,9,3170,6.17329882431998,-4.2134560413814865,-0.25669381359322285
4,9,3171,10.93839042892829,-3.81072353475969,-1.0568059828341188
4,9,3175,11.067179444486724,-1.6065711108501808,4.3516793551287
4,9,3178,1.5118190875888242,3.2608347875686454,-1.7930303809579016
4,9,3434,2.467731319800158,-0.13502359526900504,-2.982705007546693
4,9,3435,5.011547119750264,0.09347389048649013,-2.6953223889186853
4,9,3436,7.741826783340004,-0.0515964448957304,-2.7241021481133556
4,9,3437,11.353524465603607,-0.41213074133885275,-3.2413774117654888
4,10,1833,4.538352501704125,0.7719679534557954,-0.7661365436726354
4,10,1834,5.836592020030887,0.33103311332333174,-1.8637228765179437
4,10,1835,7.189460098647383,1.0001048529008651,-2.4146258800303784
4,10,1836,7.997901575594546,1.6923412575310484,-2.500809884512179
4,10,1837,8.376501736681533,2.075777361698183,-2.4656083106604565
4,10,1838,8.230271985695353,2.413446351688013,-2.308274501266471
4,10,1839,9.34858514654669,0.9005881948156463,-2.0355206388590905
4,10,1840,10.692317952035506,0.38346505137860665,-1.75554908721191
4,10,1841,12.13721702450179,0.16812141293841573,-1.6368863203057924
4,10,1842,12.7506166868301,0.29224582822301587,-0.913974990318721
4,10,1843,13.41649670188569,0.18173341696904624,-0.8476266190253854
4,10,1844,14.164462072775905,-0.12467467826847001,-0.6238522929832573
4,10,1849,5.363191299696584,-2.9666223008534467,-3.4942367903974265
4,10,1850,10.596054971518488,-2.610210881774102,-2.6490588143895946
4,10,2645,7.96694516512064,-0.7404345620023193,-5.2424596849578755
4,10,2646,11.46991370781361,-0.7917787277740261,-2.8858064440833737
4,10,2647,13.214410352262503,-0.8514727062886519,-0.9444650524831137
4,10,2648,13.316792370280606,-1.0190273289312484,0.8653325028738945
4,10,3125,2.6179513642147083,-0.19479339750081812,-4.324133746001209
4,10,3126,7.249227187588719,-1.1942679583971383,-3.556651495841543
4,10,3127,10.618268758396987,-1.9108316835213075,-1.461666734354987
4,10,3230,10.819208326090887,-9.41927861410451,-0.2194425139311415
4,10,3383,8.494059194090669,-0.5617142141184968,5.266441132978814
4,10,3384,5.742226242671286,-1.3587641655618603,1.9287689041972054
4,10,3385,6.897757781993319,-1.3212992022550791,-1.218399388613827
4,10,3386,9.377584863577274,-0.9840225928895154,-1.8854721758698205
4,10,3387,11.609405087733174,-0.7491238456756258,-1.5971405064254938
4,10,3388,13.293401556381566,-0.557128517691732,-1.1680648594804925
4,10,3389,14.507775194371971,-0.3717976624317369,-0.859524162446881
5,6,165,11.474640467861303,-1.287037054662407,0.4994780538509537
5,6,166,13.221572147823027,-3.5603951132109013,1.5649168561262004
5,6,171,9.203916545867937,-1.7880406169730447,3.6411469419356024
5,6,172,7.761849330112384,-1.6111059392459812,2.876593522453402
5,6,193,6.871299691903887,-3.7788401477147557,1.5805750513505754
5,6,196,14.310057956478209,-3.784228948620457,4.493870160393408
5,6,197,11.482059373371264,-2.381159343667238,5.179284483663274
5,6,198,8.937721016737582,-1.7901554436710956,4.281043663244453
5,6,199,7.263393491282587,-1.6156992465902853,3.2899950234466475
5,6,200,6.276574126674437,-1.4827266829327455,2.41411683540748
5,6,201,5.756041060720907,-1.176075236256787,1.5997535600315902
5,6,202,5.263361216699737,-0.8031236406789339,1.2448467797859704
5,6,203,4.821961230733327,-0.5080273501399742,0.9002545517925276
5,6,2271,3.7831117331348425,-0.6470217150220147,1.1094929928488935
5,6,3735,11.302995239089016,4.708465730134488,-1.2168590635267313
5,6,3739,1.8020832849370276,-1.602419818947306,-0.19231144571575814
5,6,3740,3.2376566521744277,-1.605192787373064,0.16032603727631137
5,6,3741,4.289163065208623,-1.5394045418626794,0.48613545063881686
5,6,3742,5.167988234825551,-1.2948650317644699,0.41030671929289
5,6,3743,5.815693242245532,-0.6449153675353194,-0.031198666914180107
5,6,3745,6.783670782549269,-0.8630178232717094,0.4219873167665827
5,6,3746,6.956000355656702,-0.568679826717236,0.3868254279375349
5,6,3758,9.701414474520584,-4.5739216739351605,-0.039703769167040284
5,6,3759,14.340352514894429,-4.961274507864714,0.13468210313064735
5,7,3763,14.521331458254798,-4.739883849033197,3.350315302086843
5,7,3938,7.942914935977327,0.5517882308034587,-1.1730317315445673
5,7,3939,8.673141281000559,0.5030928844347058,-1.2333725975488767
5,7,3940,9.28077088882871,1.0956658042056815,-1.708751198759081
5,7,3947,5.010046160072068,1.3306038796852182,-1.643443537442134
5,7,3948,6.3868392967543,0.3961523535026108,-2.637871695861005
5,7,3949,8.421350490976705,-0.012398043164721359,-2.3217049381120396
5,7,3950,10.358006104833787,0.015965549032236126,-2.107018720874834
5,7,3951,11.643833569408397,-0.1255469182315037,-1.222359680466619
5,7,3974,7.923521586862509,-0.5932715907797477,-2.2203306409202117
5,7,3975,10.55035220121643,-0.5672017565508477,-2.1767706590389753
5,7,3976,13.785563477156483,-0.7344531103233013,-2.5608764844428222
5,8,13,4.234800372655006,-0.8036566145733097,
5,8,22,5.009497862075323,2.1677812399101324,-3.167379612600933
5,8,196,2.2183834333581145,-3.409363938301474,-6.607707519624412
5,8,197,10.552437276776779,-2.3925070864679743,-5.9936131484744735
5,8,524,8.462888974495911,-0.9244415332614271,9.521457242636053
5,8,529,2.497407046597458,-1.693946465862239,6.960616373072235
5,8,530,4.204101912205795,2.1567168653537574,-7.475814141655569
5,8,531,8.551284053171322,2.098467274172731,-6.538806464822535
5,8,533,9.540156226025053,1.8125743731276118,-4.842594382196881
5,8,534,11.80181196611892,1.3203130998681136,-3.617191318485096
5,8,536,12.561054553273683,0.7414646850550655,-2.469519590220953
5,8,537,13.529417535647083,0.5004539289792063,-1.4916888228340481
5,8,542,12.398649899316078,-0.6558792145132595,1.37691036274011
5,8,553,5.5151763453369425,-0.9146310122683114,-0.22774510779746146
5,8,554,7.869000744472525,-1.0950049452796937,-1.8164054848428481
5,8,555,10.859575006826327,-0.9084373417869557,-2.2484239126184704
5,8,557,14.47573588548647,-0.9102460275724779,-1.9542628643317685
5,8,577,14.083201924798209,-3.117037972633126,-6.245802923087023
5,8,636,6.815301612084569,0.3498719913621564,-40.41651656528887
5,8,3374,8.603080327413219,-2.5278340588365023,0.4434781393937729
5,8,3375,12.240410636190326,-4.104695995511891,-0.010981493557738808
5,8,3379,12.327180007127353,0.5490055807587365,-2.336082852529699
5,8,3396,5.988619526528248,-0.7843143377022782,1.4641611196270676
5,8,3397,6.713432665374942,-2.4329975367697227,0.15558022495911406
5,8,3398,9.8568262577703,-2.4249558531352684,-1.018893136591585
5,8,3399,13.73677536440619,-2.281518404355947,-1.6336921727446547
5,8,3414,5.619224094568473,-1.8521475949554937,5.330481317849461
5,8,3415,4.838296949993469,-4.16461624878359,4.727611437895373
5,8,3416,4.633503280551275,-3.9742693455097227,3.9935326520992396
5,8,3417,4.626004386803374,-3.309952978600898,3.1873345242141475
5,8,3418,4.932723746685386,-2.5233410851645117,2.140090043059919
5,8,3419,5.604098341485601,-1.7166180119817624,0.9946507425952952
5,8,3424,9.590674470054926,0.37014096749269476,-2.5950190700023006
5,8,3425,12.017210688406927,0.6125902020942989,-3.046224123260145
5,9,3411,5.153873931039446,-1.8619427553149155,29.550705448568166
5,10,3382,12.994662688151333,0.007808260873189754,-5.045064305128105
5,10,3399,13.672366160013599,-1.0119388832132261,0.36136095535022805
5,10,3400,14.5947361750003,-1.8003276837301536,0.46926267478747274
5,10,3439,0.9964463168863102,-2.53956360611,1.2490146236479132
5,10,3440,3.1621873577549753,-1.736256441491011,-0.4302431044338165
5,10,3441,4.845137755319692,-1.2155978975886184,-0.4673692907000878
5,10,3442,5.974250354820286,-0.7916942964866114,-0.3398034711580685
5,10,3444,7.697895141125053,-0.05351993887995854,-0.9571727368554882
5,10,3445,8.255870364939902,0.10469009728699594,-0.6641311500048749
5,10,3448,8.803403904949443,0.43758854406920694,-0.7473284600369867
5,10,3450,9.984017732366105,0.002216980178090744,-1.2916898549647222
5,10,3451,9.015350986646412,-0.6879526604192668,1.6554377663377087
5,10,3454,6.94951663032163,0.563151620869714,-0.586820977379799
5,10,3455,7.080527449930643,0.6552675218813122,-0.7911868962278539
5,10,3471,6.828202158208953,-0.6862694649501535,0.5202940666576265
5,10,3472,6.983866610384783,-0.9093595881489072,0.7073172807376137
5,10,3473,7.251289682818757,-1.3079034547836537,0.984346797355619
5,10,3481,10.785819330947783,-2.2058992169950313,0.35283447040099697
6,7,1811,14.923634690082698,66.61070912605987,-0.7170183380275237
6,7,1832,7.066217561975251,-0.9287536807125512,-0.11200971984524123
6,7,1833,8.426648464381113,-1.825083591743517,-0.1851143747474489
6,7,1834,8.339248145294972,-1.9819387485816944,1.78648760569365
6,7,1835,8.029541018938847,-1.8989991787031824,1.9555505475454533
6,7,1836,7.8606406807425815,-1.5467304021244288,1.5080823849155247
6,7,1837,7.8170290474005375,-1.230521267719189,1.1397519047235838
6,7,1838,8.36591778671774,-1.4629530156650452,0.7300357496981943
6,7,1839,8.410023551232449,-1.222254541933116,-0.293513688807015
6,7,1840,10.82399887290784,-2.3732436235948535,-0.7406745596930671
6,7,1841,13.92076769730829,-2.55816482352314,-0.7162418673378494
6,7,1898,5.011724624649829,-0.5780431505509944,3.8978579566878646
6,7,1900,2.5751799784605933,1.5042803342964906,-2.540985544086974
6,7,1901,3.7009767677383145,1.0530537402268392,-2.5203500132082137
6,7,1902,4.651620795954406,0.2845927769043458,-1.3082293492933141
6,7,1909,2.0958110828526593,1.0592182411709699,-1.7242789946518082
6,7,1910,3.7304490369564856,1.5602823831860602,-3.742266555644843
6,7,1911,5.791448452412211,1.2162462432451497,-3.4171158066266325
6,7,1912,8.809650421762678,0.4090024469529184,-3.5357358989923426
6,7,1924,14.618022328865273,-0.8184593705567734,2.003809698662171
6,7,3781,2.6994662208966704,-1.7439132151783383,-0.8311122521178854
6,7,3782,6.828578387786009,-1.8902787857499952,-2.502371242379795
6,7,3783,11.969390632223337,-1.6020975434953493,-3.547892818570491
6,7,3798,7.430590694630508,-0.7763971213007952,-1.0345459239672374
6,7,3799,7.573472327102632,-0.563063553612601,0.24048845462251472
6,7,3801,8.906684304937245,-1.1661056871070872,0.12143171326391036
6,7,3824,13.337919957810103,0.006564975524850761,-3.723973657958719
6,8,198,7.302661110806209,-4.365215752509939,-3.900625655361671
6,8,199,12.777497412218887,-3.3459866128181495,-2.1304254734668753
6,8,810,7.941604773570084,0.1275105786574129,-1.0107019030318467
6,8,811,9.735056904365093,-1.1081281202485622,-1.6534723862580973
6,8,812,12.030415816039854,-1.272752617412858,-1.3266138068616
6,8,813,13.888454554455917,-0.9251313079418865,-1.0415631602209958
6,8,814,12.675077987276218,1.5960973428017884,-0.5861239724289762
6,8,821,14.26681976379313,-0.5200252436271193,-1.0089069470715697
6,8,1224,4.2883659756826855,0.847567230609585,-6.387979927920171
6,8,2795,2.641001039335139,-4.1773332319213115,-1.0607119976373272
6,8,2796,8.443723689565939,-4.83105473156249,-1.025629868773314
6,8,3176,10.612031400425536,-1.9503522698225393,-3.141854932062956
6,9,2224,0.6820757469380887,-0.9094156885819572,-0.13336520659393575
6,9,2227,1.7021690084265209,0.5643102650001618,-0.7389597000832279
6,9,2228,2.2391353489466748,1.0495787493210427,-1.6222568452086592
6,9,2229,3.059855659584274,1.2293743501529857,-2.0728104904302054
6,9,2230,3.4319652004355223,1.472415519796922,-1.8457488489597453
6,9,2231,3.4773778715526897,1.7072594640821497,-1.7526814323882174
6,9,2232,3.550450508949817,1.6728203460639839,-1.746168873756349
6,9,2233,3.697429200600981,1.2950157176612853,-1.442661163576084
6,9,2251,1.637532920177611,-0.6148507102976479,0.012157306612986418
6,9,3099,2.4086839996186526,-1.7494578593993824,-0.639859352753681
6,9,3100,4.468728628759991,-1.6596288794830234,-0.4079237912521637
6,9,3101,6.1021606640964245,-1.221944706101187,-0.4180499256926482
6,9,3102,7.98009077133131,-0.3393876140467398,-1.5777057032090198
6,9,3103,9.280661528887403,0.9002925051328393,-2.2282209949675873
6,9,3104,9.91362767867259,2.2730391938714223,-2.930658240852778
6,9,3105,9.321063599890891,3.8224602681551563,-3.229896307048746
6,9,3106,5.306392168276086,4.309357036450203,-1.937658491522413
6,9,3107,8.339017847274361,-6.926935388801198,-0.5661250358703886
6,9,3171,12.969822690658638,1.52936566094114,-1.0616891700000008
6,9,3175,3.022436511881603,-1.416574796522003,-3.701902957337677
6,9,3176,8.620086050175109,-2.2019390612172143,-3.5456469005122795
6,9,3177,14.164934662952758,-3.0720565552516743,-2.507183107873645
6,9,3205,4.005411757565501,-3.92596646713437,2.09292327175317
6,9,3206,9.412513789043976,-8.283555387247775,1.782937788342273
6,10,1831,11.796653818635772,-1.041565034868641,0.3427605993140786
6,10,1832,13.05885102350722,-1.4847439798534343,-0.07402274306673766
6,10,1833,13.598113494584794,-1.645208949671764,0.8954779743312717
6,10,1834,13.041522391116418,-1.5350092137092677,2.0334268894341543
6,10,1835,11.886681279250322,-1.378287478728356,2.4892215810395153
6,10,1836,10.494115252062226,-1.1945393134237308,2.53435178821208
6,10,1837,9.25842686475404,-1.2202141501548853,2.4062863876508658
6,10,1838,8.322180361117972,-1.271801295533419,2.0058368935474897
6,10,1840,6.582957659277539,-2.017348964441844,-0.9495181911220629
6,10,1841,10.073086156775776,-2.5367774443599207,-1.286085653741126
6,10,1842,12.698721379012758,-2.037918229965804,-0.6790027078168019
6,10,1853,3.4635312514667627,-0.296393528057672,-2.861682136219809
6,10,1854,5.783413760478829,0.027925581340028094,-2.3497720603141157
6,10,1855,7.359929422041689,0.47975235798663796,-2.0562712318906478
6,10,1856,8.927100604656474,0.2328222104336181,-1.8011543263277918
6,10,1860,11.901704331355548,2.64237689175999,-1.051794053035135
6,10,1862,10.123127435363916,3.265632085954492,-0.6834198644170331
6,10,1863,7.8404711126078785,2.80212386998823,-0.5230946368000433
6,10,1887,7.057552991806096,-1.4116856987379154,1.4336796374537835
6,10,1888,6.807983111865088,-1.7041194087918958,1.9516480422243905
6,10,1889,6.578909153443446,-1.978601628965927,2.202934602092253
6,10,1890,6.314054809045854,-1.5156904925982322,1.7756662505899925
6,10,1891,6.407750564926681,-0.9806043570538506,0.8808012154150557
6,10,1893,5.82564425865696,-0.9258144663157216,0.7189656281768354
6,10,1899,2.5748169187788927,-1.474246147380986,-1.3166049673452125
6,10,1900,5.0565903542863175,-0.8344231704378886,-1.6631791685472102
6,10,1901,6.93450133047432,-0.2736746023782006,-1.6069625855392462
6,10,1902,7.989657015996783,0.3735836080840453,-1.428760856746211
6,10,1910,0.942715302659931,-1.071840136145271,1.686155170961878
6,10,1911,1.4314571910842566,-1.2059648865280208,0.24287435915105704
6,10,3179,9.629889932920142,-0.5595168328403595,1.1833810815878882
6,10,3198,7.624396948148714,-0.5326204834953009,0.733358286861366
6,10,3201,8.379385341025737,-1.256838911997315,0.44972915477350234
6,10,3947,2.352260290728324,-0.9288819707427265,-2.4450036115676035
6,10,3966,9.242158626616758,-0.09559998964746885,-1.7368423804699922
6,10,3967,9.662662994976438,-1.733357896629391,1.3026782113424413
6,10,3968,10.151268212376426,-1.3607684961765723,0.8511206512258761
6,10,3969,10.658489621734462,0.7872369889123333,-1.2947049546822218
6,10,3970,11.045660823915329,0.8983652576611373,-1.2855409328602818
6,10,3971,10.846407536092766,1.1432611969309285,-0.9467704136314669
6,10,3972,11.803446451848474,-0.26842890305494577,-0.6928910054301961
6,10,3978,12.881479978723215,-1.0215259782118697,-1.2340968699236317
7,8,3832,13.249375299658317,-6.243196423821398,-0.2581825149734098
7,8,3895,12.048232358798604,-1.5699742215845531,-6.249846170280627
7,8,3896,13.060081458006026,4.175824095308627,-5.203435880994146
7,8,3900,10.489019784779073,4.619123475677091,-0.6106005510328634
7,8,3902,1.570863589180048,-3.5951399713673577,-4.534841410311534
7,8,3903,8.445841179637895,-2.64670039649328,-4.233701459023656
7,8,3904,13.25093215320693,-1.4526622364625412,-3.358209245083109
7,8,3913,12.0087431639679,8.260228889565733,-3.792036568694388
7,8,3914,8.008854712086949,7.193599774375803,-3.300189198013584
7,8,3915,5.81825699775777,4.755945568899014,-2.5791877303733033
7,8,3916,4.269531671821513,3.7489152851165226,-2.200859723976683
7,8,3917,2.948874944444255,3.12512685367613,-1.8159840542475312
7,8,3918,2.217393096503942,2.6209279605431384,-1.9305545175074057
7,8,3920,0.3851115429206509,-1.8385665810865102,1.4211256099366394
7,8,3921,1.723680657273283,-2.0236920386042394,0.6119415789349492
7,8,3922,4.8642268356668845,-3.725298552970569,0.4688801334181507
7,8,3924,8.318422100734912,-4.435575701171427,0.12977308450162175
7,8,3925,11.579035557158278,-3.364587578065522,0.10256851410268858
7,8,3927,14.748743005059907,-1.77320955653254,1.1396637723159406
7,8,3929,14.715133818630886,-2.4892162749391136,3.1768147130681923
7,8,3930,14.799111618395514,-2.1396725143035598,2.0556106167742065
7,8,3931,14.361975922635315,-1.2503627813538323,1.6848707896048873
7,8,3932,13.36401655473255,-0.5809361613321011,1.5351135769110527
7,8,3935,12.809492319358725,-2.954882995073694,0.9798790426434412
7,8,3936,14.699554401900931,-2.5873446298053007,0.6475209774145927
7,8,3985,14.911667379994944,2.6022974055914037,-0.7164870047318779
7,8,3986,13.60174142937968,2.103325621918371,-0.8590960482375662
7,8,3987,13.469249035589847,0.8808527522648528,-0.8039203457340836
7,8,3988,13.734002007486911,0.40351158062953574,-0.7377995084343781
7,8,3989,14.011378214264552,0.3897507036622036,-0.6898976245161884
7,9,634,6.282869178026391,-1.3410599250490984,0.15113577774565337
7,9,636,8.671319573130209,-1.0012167138500383,-0.28105442366470146
7,9,637,10.20177443157656,-1.5510755066788395,0.01751721320029108
7,9,638,10.983890106438748,-1.2359256068058126,0.4490391874192948
7,9,642,11.663070901824542,-0.850072696030677,1.8523224967246674
7,9,647,2.4799185845485154,-1.8534880773289832,-0.18615643812004756
7,9,648,6.726735150834434,-4.202873295621258,-0.8296463264834127
7,9,649,11.44679109882377,-3.9844254241121275,-0.8361309657935116
7,9,2388,10.22591998911375,0.20719689543539282,-0.8941887835238163
7,9,2389,11.707848391604015,-0.30935075982283,-1.2464845945258918
7,9,2439,0.9849900224550643,-1.369757666549599,0.7797490848035172
7,9,2440,1.8558392348842931,-1.9433240996027323,0.739813514457126
7,9,2442,1.3473596244103396,-0.3372094149265153,-1.003067031883275
7,9,2488,12.77757442047844,3.4439048040409794,-1.3806707214134128
7,9,2497,7.198831964545555,-0.6589228841230832,0.61466868308945
7,9,2498,9.209749763153047,-1.531141027242933,-0.6321784800622315
7,9,2499,11.632740380084327,-1.8333998331178483,-0.6644407150996746
7,9,2500,14.095810362825176,-1.970786921668798,-0.5130749047283725
7,9,2522,5.133656897747931,-0.6220283854306485,-4.210696868188747
7,9,2523,9.88196253512217,-0.5721731666680179,-4.273030915486605
7,9,2524,13.300285178257752,-0.1292179396831372,-3.3069891499553026
7,9,2529,14.621707988304346,0.7287410203706176,-3.0317840493969093
7,10,1834,5.3326336719457,-1.7637779242568865,1.5872251534304211
7,10,1835,5.518038016727331,-1.972994971158856,1.7296384925520685
7,10,1836,5.517044070035443,-1.8352024487837375,1.7997575723935777
7,10,1837,5.450945542631591,-1.7579867111336558,1.8052890317984318
7,10,1838,5.219938836709582,-1.5151042307043348,1.7396266988389968
7,10,1839,4.879941294769377,-1.259127410371719,1.5987409014397278
7,10,1840,4.451812423949392,-1.0324700456148093,1.4597081665949525
7,10,1841,3.857015095610234,-0.7763394894273978,1.3711280967799666
7,10,1847,4.757506781344825,-0.08286017179418272,-0.9934313582160993
7,10,1848,7.422903440099942,1.1728960482477655,-3.872560289607331
7,10,1849,9.926816299097426,1.0162656803264558,-3.5343435045476816
7,10,1899,2.821207572123207,-2.931977113400074,0.6340211947340331
7,10,1900,6.52646245174469,-3.5669076441323058,-0.9852344969487095
7,10,1901,10.096840303614107,-2.448361968885554,-1.2191384420002824
7,10,1902,12.310418995328465,-1.0598630091886838,-1.171185821390634
7,10,1910,4.464449630537142,-3.4849557592128537,1.1201440506675011
7,10,1911,7.222628026403997,-3.4195147307317963,0.26574228495087493
7,10,2359,3.1845051274985683,0.8521014489632763,-1.2094377654534543
7,10,2360,3.3146624276553034,1.3442137316664642,-1.5238077424765715
7,10,2361,3.6277303120174995,1.0321252957033569,-1.3474925638071764
7,10,2362,3.806846580103282,1.2054917945083998,-1.3854745760196854
7,10,2363,4.329288309059426,1.0997565606811543,-1.6444253202387709
7,10,2364,5.1106286439539454,0.9131442257978438,-1.7113545543661441
7,10,2365,6.051981212105949,0.8187595678506625,-1.763665970705508
7,10,2366,6.858317509333678,0.7548259889679859,-1.5650935457946407
7,10,2367,7.458126778184341,0.8660390813624083,-1.4791501016700794
7,10,2368,8.181836362667651,1.27845984675413,-2.0032211000737483
7,10,2369,8.83530910197475,0.977215761483333,-1.631310192765636
7,10,2370,9.135540999754944,0.9225942729825974,-1.2249906408899407
7,10,2371,9.216891029221703,0.7528231212948687,-0.8363836893402824
7,10,2372,9.466978309264098,0.7271524182211813,-0.9814038460246726
7,10,2373,8.970454227181987,1.124236485328464,-0.6277911257144169
7,10,2374,7.802229983884549,2.1831489488091482,-1.0180063756774453
7,10,2375,5.411504363504889,2.9646836807501185,-0.5741607082029688
7,10,2378,1.4868848223129407,-2.2995406500785975,0.023876313902074647
7,10,2379,3.781744201771029,-2.198289063910793,-0.09727258700602795
7,10,2380,5.860438697802433,-2.0422786574815084,-0.03652700074195256
7,10,2381,6.44910508358708,-1.391990585899009,0.8030734954182359
7,10,2382,5.220489869643224,-0.9802855603714258,2.2027940645051496
7,10,2383,2.9702843361735773,-0.5398616262842117,2.7790621971165157
7,10,2384,0.1156089435729117,-0.07313095910534664,-1.2774141563231738
7,10,2385,3.2921395397560804,-0.5944304998062866,-2.6363902879437586
7,10,2386,5.759110626175033,-0.04309279108271395,-2.424484389743906
7,10,2399,1.3154924649291828,-1.395379272601353,0.17035124077363
7,10,2400,2.779059880517285,-1.4307270810943122,-0.06348696590954295
7,10,2401,3.9391256445927163,-1.1772117289711788,0.017105418645111198
7,10,2402,3.4893131777083135,-1.1991762590768436,1.3878267711561905
7,10,2404,3.8920694944304226,-1.1427177648398974,2.0449903958123166
7,10,2405,3.2011779078152602,-0.9929930494224671,1.6770955416305122
7,10,2437,3.4700255726600355,-0.9161058224493377,1.1726154865813183
7,10,2440,5.189420514620765,-1.424062831219677,0.24433583411021748
7,10,2449,2.32194164867069,-0.8734528530466767,-0.13519676340343453
7,10,2510,6.03221330057646,-1.0832968582600748,-3.0630976384593627
7,10,2520,14.18139859580778,-0.9931136770835123,-2.0875881971612134
7,10,2544,1.4784083856155936,-4.381401514734321,-2.5553163171003273
7,10,2545,5.615815101500797,-2.02518235197163,-2.2367910274129965
7,10,2546,9.08667701556715,-1.649353084260149,-1.8297531710430555
7,10,2547,11.784339566731283,-1.4881525340887092,-1.2109941942648468
7,10,4010,6.83985381850903,0.9842613150853623,-7.703560034035384
7,10,4011,11.794942632526192,1.5326323250548342,-6.5222050860313985
7,10,4028,1.4087070905834898,-2.109098868401751,-1.4773897159075955
8,9,3177,4.215001416603391,-2.4169310765712195,2.421688666085196
8,9,3178,9.822046678844622,-3.460823393389004,-2.798902393330556
8,9,3442,4.6462260717468125,1.1740647707374579,-1.1680189129960794
8,9,3446,4.628786211291993,-2.9152762056662476,3.1308338004651586
8,9,3447,5.047608300446002,-5.049613860324488,4.3648508053359345
8,10,287,8.024645539696307,4.222047120104394,-1.9139264603577841
8,10,288,5.864791856082836,3.486085991421224,-1.3302649931814965
8,10,289,4.1475043498939135,2.3580212600184507,-0.6587857831350182
8,10,290,3.0648064677728963,1.5917347636167298,-0.6174792253582481
8,10,291,2.546210370762466,1.0768997557354454,-0.8424023822168502
8,10,3296,1.3992721721473054,-2.1667928153043388,0.03609875162633114
8,10,3297,3.011604038324458,-1.6909811321284642,0.06531346569408121
8,10,3298,4.322974768110435,-1.235532943989376,-0.08033662111741359
8,10,3299,5.491018896286888,-0.9540090263282276,-0.21476357341862645
8,10,3348,5.834276394341606,-2.9971975783472695,0.33888291912422874
8,10,3382,7.761719582308962,-2.673554016493954,6.9813742802934975
8,10,3383,4.710263675653462,-2.4973013879919965,5.261190938068289
8,10,3384,2.9195782649420936,-1.463020268932599,2.253236287655376
8,10,3385,3.2950046908399555,-0.06859754311381178,-1.0964390828279107
8,10,3386,4.705701046184384,0.19487047215666076,-1.8173332809002454
8,10,3387,6.004977613013493,0.1707857159090994,-1.5136466492630174
8,10,3388,6.83515380368696,0.22768468526701952,-1.0720821586195122
8,10,3389,7.340454589178008,0.20949597911273315,-0.7190843303662057
8,10,3393,11.332878156230572,-3.7671874915084063,-0.00841378424889705
8,10,3396,13.05417301589922,-2.7909905265392534,0.5276616651742931
8,10,3397,14.75296370139936,-2.3535626284228,0.6359413396920146
8,10,3408,4.119141111442123,-2.799232136470481,-0.36148719555380965
8,10,3409,7.602608009516574,-9.123611217446712,4.71540616406186
8,10,3412,5.240503139824784,-8.393836472213232,2.8779519101181377
8,10,3413,10.05453704784586,-7.133443855883398,2.315812486280994
8,10,3414,14.597520696417082,-6.297857465881678,1.754839989105737
8,10,3433,13.127559556821229,-10.293373602875512,-0.6823830090801377
9,10,2388,7.577449161903273,-0.21273138887295887,-1.148492386338137
9,10,2418,6.322191951356785,-0.00029858494247293754,-0.857971834008002
9,10,2442,4.203323346551967,-1.3908859371857232,0.2891183314740687
9,10,2503,11.93217061050513,-0.5895073113171879,4.178085391875586
9,10,2523,12.541904437747217,4.354292901667239,-1.7826072665189596
9,10,2529,5.034120642866353,3.02673400467261,-1.7514506760757058
9,10,2530,2.1427322399829696,2.8534188906916094,-1.0907602815063455
9,10,2531,3.0224654414017396,-2.6125452080253844,-0.24973113799034974
9,10,2532,6.259242647214913,-2.943879389044826,-0.5142115924558179
9,10,2533,10.04771338846893,-2.523807444330335,-1.3168760344239343
9,10,2534,12.648578347655487,-1.9895020692827694,-0.6190848133907363
9,10,2535,14.872301607660466,-1.6469629029430453,-0.5782411800152116
9,10,2539,12.99993821807615,-0.9485130259308071,3.819633823293534
9,10,3122,4.467345196241176,-0.536126358409766,5.751411481967408
9,10,3123,2.171961621744984,0.6254316473627202,-2.8966578905280875
9,10,3124,5.851476184044462,1.2720014827110717,-5.442105584193716
9,10,3125,10.217570570928663,0.15489937305271076,-4.547999720754244
9,10,3126,13.691451232826767,0.05700532137900982,-3.534855652966997
9,10,3174,14.363872610857992,-2.1234587500370936,0.951522031357446
9,10,3205,14.906507093451818,-2.5802043074629353,1.8263440582937918
9,10,3206,14.613227906429186,-1.5191696953652791,1.8087251820015275
9,10,3211,13.193769927622425,-2.440383243337704,0.2575826408899342
9,10,3601,5.17070947162082,0.5585397356019803,-2.0589113049247656
9,10,3602,6.927039574181995,0.6435031534921036,-2.9802223794050775
9,10,3603,8.550579490601478,0.5431306418163082,-2.3790003817547203
9,10,3604,9.639817139252665,0.3396242346590479,-1.5804859959974578
9,10,3605,10.338446377996643,0.2621569236474819,-1.0391916540620203
9,10,3622,4.52343333016349,-0.6425338257489944,0.6585227335598882
9,10,3623,4.215780609552397,-0.7495449734444564,1.0520594737165443
9,10,3624,4.248919646942801,-1.2352852610464553,1.1920027502049442
9,10,3625,4.952391519985902,-1.7511707811862465,0.9995990708976383
9,10,3626,5.730749176184267,-1.5264618809024677,0.6963516677105208
9,10,3627,6.307128051253323,-1.0620561978230854,0.4577927217904194
9,10,3628,6.4983631470069545,-0.5569874108097865,0.3595756953767634
9,10,3629,6.571154491856353,-0.5606208697659253,0.48717771720400554
9,10,3630,5.40664427207424,-2.10322285507162,3.2563543830892843
9,10,3631,4.52278444862145,-1.9162322211812632,2.796942386687148
9,10,3632,3.675129133797534,-1.4767085001069096,2.322375163373919
9,10,3633,2.50220844783767,-1.3556556585171426,2.46590188231173
9,10,3634,1.8980119449106838,-1.1749484983398357,1.6722322873743447
9,10,3636,1.4889808049107254,0.46752121764604315,-0.5310007558582964
9,10,3648,2.5061046281178223,2.6779429860688078,-1.8082675858693484
9,10,3650,10.360608587630626,-3.7145028272753295,-4.933528310124781
