Frame,ID,Head_X,Head_Y,Middle_X,Middle_Y,Tail_X,Tail_Y,Angle,Smoothed_X,Smoothed_Y
0,1,388.06412,243.89276,346.24802,262.73758,309.41202,283.31122,4.925014478633286,346.27839685183517,262.6739286600751
1,1,386.69427,244.19067,345.29742,262.8581,310.21506,283.47348,6.167263487593444,345.330563124629,262.9334101595139
2,1,385.69293,243.69186,344.65933,263.67776,309.1423,284.0426,3.860264287882721,344.6092110212865,263.718118314465
3,1,381.23282,243.98528,343.5776,265.58136,308.08878,283.65485,2.846751012583262,343.9991839645591,264.64705009519383
4,1,382.83252,243.23091,343.78687,265.24103,307.91748,284.06918,1.714634973659627,343.3853253771982,265.5217893616128
5,1,380.57455,243.8089,343.0598,265.9065,308.4896,285.1233,1.4310814051680447,342.67094427309127,266.23040053103006
6,1,378.83353,244.55472,341.10922,266.87793,306.57797,286.60028,0.8822656372609079,341.8332120306698,266.8242833606913
7,1,379.36456,244.63814,340.5877,267.09653,305.275,287.6662,0.1440176537594674,340.86776561950177,267.39567144282597
8,1,379.45557,245.65001,339.54303,267.85773,303.9908,289.38068,2.098258106130389,339.78292068165814,268.0187143389401
9,1,371.69846,248.87778,337.65567,269.11166,303.99973,288.64526,0.595447855542071,338.63770754922285,268.6952254876443
10,1,372.28128,248.17522,336.60745,269.80972,301.40533,289.8376,1.597774345665366,337.5038352267833,269.4089342968259
11,1,372.1893,248.09232,335.99387,270.18005,301.10388,290.73645,0.8871316131772008,336.42632441316124,270.14357017437214
12,1,371.8833,248.40659,336.18985,270.39163,301.3776,290.5522,1.5544412554275815,335.34344258411613,270.88286252817005
13,1,365.26404,250.16212,333.70752,270.9805,301.32092,290.65176,2.1393628800837328,334.16676890964203,271.61054076610685
14,1,359.86957,251.43517,331.05872,272.4435,299.80307,291.9093,4.184509188766822,332.84646728330364,272.3144570481268
15,1,353.84076,254.0389,329.71667,273.99124,299.37253,291.94473,8.981985454310792,331.4870404929488,272.9989545424032
16,1,358.35602,252.41815,330.6828,273.8175,298.14774,292.70383,7.579501567331762,330.23157604999585,273.6724991691664
17,1,353.7378,254.38412,328.98096,274.8046,298.22397,292.461,9.658787946373437,329.18049435802664,274.3435568486466
18,1,356.67874,252.5157,329.04495,274.6531,297.10828,294.0062,7.483042102159269,328.2635473892749,275.0205935010743
19,1,355.16464,254.30054,327.3779,275.57748,295.74335,294.9485,5.961377938446445,327.3678200081377,275.7120750466798
20,1,351.40488,257.5168,327.3105,275.85495,296.37216,293.8203,7.131546205778276,326.3885617043067,276.4301003455441
21,1,349.20566,258.6169,324.86655,277.21133,295.54645,295.20453,5.842276359935989,325.25368046865214,277.20130001715006
22,1,349.0081,256.12686,323.24905,277.95532,293.90338,296.79135,7.583203110096211,323.89924891733887,278.0559376208315
23,1,347.01205,259.40875,319.8866,280.35532,291.85352,299.17047,3.807143529814253,322.3033383238752,279.02427671592187
24,1,343.02017,260.76712,318.2396,281.7864,291.22684,299.80914,6.594217077206228,320.612014591144,280.1365808617548
25,1,342.79514,261.02768,319.0488,282.918,291.21988,299.8196,11.399105580782916,319.0133422793715,281.42311361766394
26,1,333.02057,266.08096,316.03918,286.57056,297.81732,299.45984,15.074938762730229,317.6465355947512,282.8916349452707
27,1,338.88437,262.9653,316.62833,286.6593,290.22876,303.33246,14.51717712337528,316.4554073273445,284.4598904153482
28,1,335.48245,266.21384,316.56863,287.47467,294.2233,301.6858,15.888012146766131,315.3349199131804,286.02312200095736
29,1,340.3699,262.24994,314.4436,287.90656,285.13245,309.15448,8.761723133586036,314.18003578828734,287.4765716751591
30,1,339.365,262.53574,313.14713,288.71027,283.99954,311.65002,6.7491574901863824,312.920401334684,288.75291698550467
31,1,337.60294,264.3818,311.76712,289.45734,284.09622,312.99982,3.753115626037718,311.6243987183485,289.9345777775062
32,1,331.88666,266.57062,310.0335,291.65704,283.78317,313.83313,8.74956328355991,310.3950940512491,291.14140947116596
33,1,299.80444,296.37103,309.56543,294.19498,308.86658,286.65976,82.73106473228447,309.3275137282998,292.4618226219925
34,1,298.16818,299.0781,308.48642,295.48178,307.44284,286.26025,77.24109846164895,308.4845252761995,293.85844832751866
35,1,281.6738,316.39993,310.94943,295.4007,328.79498,269.20093,20.08824183237074,307.9209565045935,295.26247282078356
36,1,285.15897,313.06296,311.3028,297.1605,321.44214,275.01767,34.08581103730115,307.64974045700745,296.605082334826
37,1,284.06244,314.3076,311.04355,297.19666,322.10138,273.95898,32.17005546339772,307.5162311124904,297.8174631026851
38,1,295.83313,303.78778,309.869,297.8149,307.05063,286.0539,80.42412669369865,307.3238876839722,298.83080135739993
39,1,316.93283,278.27975,307.17505,297.77194,284.89865,311.2626,32.208224916040265,306.91763218969044,299.60132319196185
40,1,321.05206,273.15793,306.85712,297.60767,283.19235,315.8225,22.27596039507939,306.30823786911344,300.1854141391735
41,1,321.15735,272.03134,305.00943,299.18268,279.98376,321.3551,17.7179010778345,305.5479407670176,300.66449959178965
42,1,323.3905,271.08078,303.52423,300.38373,276.67914,325.36285,12.926347449829253,304.688976928179,301.12000494256534
43,1,323.95068,269.58118,304.5918,299.66913,277.33902,324.66702,14.713452304331778,303.78358239737383,301.63335558425547
44,1,317.0662,274.42593,303.6531,300.8114,280.7235,322.67535,19.41624089870065,302.88399321937834,302.2859769096152
45,1,320.30136,274.50232,301.28534,302.96353,275.09344,329.22278,11.178045271009404,302.03880238776463,303.1352870062023
46,1,316.52658,277.68323,300.37408,305.26154,275.20978,329.29218,15.962802150229866,301.2820306912882,304.14267474078633
47,1,316.1018,278.48282,300.992,306.23553,275.4808,328.8769,19.844914921826444,300.6440558675008,305.2455216749397
48,1,317.576,278.43106,301.53586,307.3503,275.15967,330.127,20.17330068198733,300.13376281083055,306.3812093702349
49,1,314.99225,278.9943,300.55774,307.84235,273.8316,329.2218,24.76038360372738,299.6740650432138,307.4871193882443
50,1,313.8152,278.0741,299.90802,307.92413,272.6216,330.4082,25.53051791140911,299.1663832434631,308.50063329054046
51,1,313.9533,278.8962,298.68777,309.276,271.62683,331.9445,23.368624485267503,298.52801846064386,309.38838542247066
52,1,313.58875,280.16092,297.8039,310.04562,271.59677,332.0679,22.116469172649357,297.73979322483024,310.23402126448366
53,1,312.44357,283.3403,295.48645,311.4604,269.84198,331.45526,20.96557575542073,296.7984104363487,311.1504390808024
54,1,310.9644,285.51755,294.61942,312.9112,269.22592,332.17188,21.996825420984177,295.7005729955257,312.25053713565063
55,1,309.01834,289.62164,292.91745,314.79123,268.88583,332.27994,21.34830864149253,294.46377167780633,313.60093728728566
56,1,307.56662,293.61823,291.27747,316.21274,269.67728,330.75455,20.26141972135162,293.1886487591102,315.08315577010114
57,1,302.09967,299.85532,290.4332,317.9745,274.78247,325.81027,30.627970547366317,291.9966343904754,316.5324324125249
58,1,306.0806,296.46878,290.32565,318.92606,270.3123,332.0318,21.72956329784648,290.9819929821998,317.81475445691706
59,1,302.55032,296.97162,290.83722,319.11353,269.66364,331.9723,30.85068249079453,290.13032598161954,318.91909880136933
60,1,305.51028,292.19876,290.8459,318.91336,266.07983,336.89972,25.24732057154857,289.40006909533025,319.8651897579056
61,1,304.30826,292.68555,290.5099,319.13144,265.9538,337.94827,24.98409633330159,288.74965802992756,320.68000858598936
62,1,306.77692,292.8133,288.89206,319.98395,263.23627,340.1375,18.4944865020714,288.1375284920071,321.4195643348404
63,1,305.77756,293.2291,287.52194,321.23495,261.58047,342.66086,17.34728831541731,287.52211618816466,322.1471230011181
64,1,305.79144,293.86465,286.30054,323.012,260.1075,344.93845,16.29618741363838,286.86916114748874,322.91645345659146
65,1,306.0265,293.9944,286.34308,323.8598,259.19705,346.18295,17.18063838841874,286.1736206890401,323.7433360734699
66,1,304.7154,295.3484,285.77792,324.00076,260.19128,345.11295,17.010806564426886,285.43775645437256,324.6340540990724
67,1,303.52936,296.07745,285.7574,324.7769,259.72305,346.59042,18.273544521460263,284.66383008503976,325.61506898269766
68,1,301.1326,300.25818,283.7016,326.957,258.92676,347.2862,17.489631390842238,283.8541032225953,326.79355498156195
69,1,299.22415,302.9939,282.3692,329.97372,257.30908,349.9664,19.42352326384514,283.0108375085932,328.19486209634584
70,1,297.88513,305.15024,281.0382,331.6299,256.24545,351.248,19.180668821760275,282.13823273638513,329.5220853538383
71,1,297.97028,303.67874,281.5505,331.41275,256.1754,352.5475,19.58188445412442,281.24824130651535,330.71933676299193
72,1,297.276,303.76358,280.9855,331.53668,255.8917,352.67462,19.496643080843363,280.3547537713262,331.81648319292964
73,1,296.50134,304.30713,279.52878,332.5056,254.41788,355.8161,16.08581207711882,279.4716606831601,332.843391512774
74,1,295.10205,305.67813,277.99335,334.00348,253.09535,358.2977,14.570961978235225,278.61285259435937,333.8299285916478
75,1,295.3217,306.14377,277.528,333.71097,253.51553,358.93033,10.754897177021224,277.79222005726626,334.8059612986736
76,1,294.4888,306.9778,277.0921,335.6273,252.35844,360.5542,13.509859204400872,277.0206084944336,335.7949158045843
77,1,294.5644,307.99066,276.15884,337.44748,250.8988,363.12668,12.53011689423654,276.29668280925534,336.7944554865533
78,1,293.59982,308.38956,276.20053,337.29352,251.00398,362.19617,14.289463745730792,275.61606277533593,337.7958030233642
79,1,292.6944,309.32175,274.70642,337.45563,251.27173,363.01724,9.920714899809727,274.97436816627953,338.79018109380024
80,1,292.3481,311.1292,275.46863,340.19376,251.075,363.73184,15.876331487822512,274.36721875569066,339.76881237664514
81,1,292.06717,312.08505,274.66986,341.06082,251.22493,365.3272,13.032630963298596,273.79023431717354,340.7229195506822
82,1,291.67163,312.35913,274.3069,341.3091,251.05367,365.63953,12.747009828327975,273.2400968522864,341.6437252946951
83,1,291.0334,312.54086,273.85947,341.66705,250.63974,366.03485,13.092753247965398,272.7177372744021,342.5224522874673
84,1,288.86682,312.70633,273.1442,342.79834,249.81946,366.3781,17.102065618230615,272.2251487248475,343.35032320778214
85,1,288.59857,312.93353,272.57007,343.1155,249.57498,367.1933,15.711321233472194,271.76432434494916,344.11856073442334
86,1,288.1999,313.44162,271.5895,344.12067,248.75708,369.24423,13.83252766463745,271.3372572760339,344.8183875461742
87,1,288.73492,314.16974,270.6921,345.42078,246.95364,371.71826,12.072216291369248,270.94594065942835,345.4410263218184
88,1,289.2992,313.3217,271.06326,345.03665,248.83054,372.68524,8.904679978022148,270.5908699617184,345.980633389584
89,1,289.3204,312.66846,270.997,344.9187,249.49959,374.00314,6.865899641321713,270.26654995052706,346.4430996754781
90,1,288.54114,313.068,271.53778,344.6165,249.98846,372.25046,9.624634248068364,269.9659877187362,346.83724975495244
91,1,288.00266,313.7528,271.11493,345.35794,250.15144,373.12604,8.933777523763613,269.6821903592277,347.19763058003446
92,1,288.44348,316.25308,269.6487,347.03156,249.8095,376.73593,2.32843334058078,269.40816496488384,347.6616786090544
93,1,285.19293,318.24683,269.71045,348.79852,251.2191,377.19138,6.200646914747638,269.13691862858644,348.3925526769184
94,1,282.3592,324.112,268.63412,352.16275,250.36594,378.8495,8.321049904447179,268.8614584432176,349.4999085135865
95,1,281.95993,323.51547,269.61197,352.9322,249.93095,379.39285,13.8705718884605,268.5747915016593,350.87938942923495
96,1,281.6013,323.95303,269.13632,354.35947,248.45836,380.3228,16.24390627114916,268.2699248967936,352.3731356290944
97,1,280.2757,324.4266,267.78165,355.37695,247.53296,381.71725,15.56772932939944,267.9398657215024,353.8232873183953
98,1,280.08398,324.9673,267.3114,355.7103,248.56027,383.0534,11.880152708258866,267.5776210686678,355.07198470236784
99,1,280.4326,325.235,266.98608,356.53287,248.63652,384.8437,9.699392174619428,267.1761980311718,355.9613679862428
0,2,398.57965,528.8076,376.10043,538.39044,365.58124,562.6116,43.43636210224669,375.88706535948546,538.1125151369693
1,2,400.05472,528.2985,376.40808,538.42615,366.0216,562.66046,43.61574920875611,376.73106203344116,538.7351009553369
2,2,400.22583,527.52155,377.51932,539.0958,366.01483,563.1841,37.46150117157548,377.4461088873849,539.1992210145345
3,2,401.80127,528.0031,378.50137,539.82263,366.24622,563.317,35.5548672948724,378.0381488843207,539.4903728462277
4,2,402.77493,527.5076,378.04895,539.3301,366.21463,563.03125,37.91215206816628,378.51312498725224,539.5940539820821
5,2,404.2435,527.81573,378.83878,538.89,365.90332,563.0177,38.25005393727383,378.8865470307799,539.4957619537629
6,2,404.06833,528.201,379.2594,538.95746,366.28873,562.7742,37.986882803776304,379.2121923358903,539.1809942929356
7,2,403.2185,528.0659,379.14206,538.3027,366.59152,560.9558,37.97810396372464,379.55340509516645,538.6352485312656
8,2,404.294,527.5736,379.76346,536.6548,366.91827,558.85016,39.62614939675932,379.9610094887759,537.8719548729619
9,2,405.88678,526.35596,380.1129,535.0831,367.6873,557.1985,41.96393560684389,380.4357496472242,537.0162742124081
10,2,406.0041,527.1764,381.00638,534.48883,368.32233,555.2711,42.29755736220517,380.96584968860134,536.2213001165318
11,2,407.07986,527.2363,382.0263,534.46826,368.05728,555.02527,39.70160669503312,381.53953373099716,535.6065578062452
12,2,407.18463,526.87695,382.1002,535.5192,368.60165,555.1002,36.40859181145317,382.14502589250174,535.1572991184013
13,2,407.51898,527.50854,383.21536,535.83,369.0112,555.4072,35.13637644496741,382.770550291205,534.8252075438375
14,2,410.41858,526.8403,384.7417,535.20074,369.0963,555.00995,33.662768489244314,383.40658709503913,534.5664109802071
15,2,410.96185,526.46985,385.46115,534.8401,369.13635,554.8606,32.63439549200777,384.0526406713068,534.3548149524242
16,2,409.75452,525.74774,384.1376,535.0781,369.48868,554.4579,32.90178444792458,384.7104714371526,534.168769392218
17,2,410.93646,525.1213,384.9259,534.59143,369.24548,554.25397,31.42245002130768,385.3818398097212,533.9866242313179
18,2,412.2787,524.9363,385.79462,534.17145,369.63028,553.9106,31.46201923507721,386.06850620615745,533.786729401453
19,2,413.8847,523.8,387.23102,533.1546,369.4094,552.8431,28.50974309675993,386.7722310436061,533.5474348343531
20,2,414.13962,524.44305,388.6259,533.06116,370.39914,551.1772,26.16136355419405,387.49376023692065,533.2545468715887
21,2,414.70322,523.72015,388.96936,532.33386,371.26117,550.1337,26.641360593727924,388.22978169178884,532.9236974940975
22,2,415.05402,523.1571,389.3119,531.8005,372.21335,549.6193,27.62140501457829,388.9759688116074,532.5779750926587
23,2,415.95822,522.98224,390.24304,531.9811,372.2296,548.90356,23.9242826011629,389.72799499977293,532.2404680580514
24,2,415.83722,523.2735,390.56873,532.9427,372.39606,548.83295,20.226846452819743,390.48153365968176,531.9342647810549
25,2,415.90677,523.273,390.7569,532.8032,372.95285,548.8388,21.25489294417881,391.23225819473066,531.6824536524483
26,2,417.30905,522.6834,392.2995,532.22986,373.01477,548.789,19.759096728853493,391.9753812568326,531.5008675785698
27,2,419.44754,520.31134,393.12628,531.91437,373.49948,547.8764,15.331665425744236,392.7042724919661,531.376317527993
28,2,420.03986,520.19714,393.69962,531.38257,373.7244,547.2632,15.476676900909496,393.4118407946268,531.2883589848507
29,2,420.5359,520.134,394.6019,531.3754,374.52634,547.4658,15.276896100119082,394.0909950593095,531.2165474332753
30,2,421.49847,519.2109,394.8361,531.05927,374.02075,546.9946,13.476502958973192,394.7346441805096,531.1404383573996
31,2,419.63705,520.09106,394.297,531.3409,374.5059,547.1324,14.647678368681191,395.33569705272214,531.0395872413562
32,2,421.68832,519.0952,395.46716,531.2481,374.5153,547.12006,12.278911733993118,395.88706257044254,530.8935495692778
33,2,421.81693,518.77814,395.5144,531.0702,374.95093,546.70514,12.19839323257522,396.3852006758846,530.6882123474178
34,2,421.80405,518.8739,395.92944,530.78125,375.14404,546.3742,12.165183253322049,396.84077550213766,530.4347886705125
35,2,421.31842,518.9877,396.61142,530.2107,376.5351,545.50494,12.870690067051504,397.26800223000987,530.15082315542
36,2,423.49222,518.666,397.20435,529.20886,377.47363,544.4024,15.74446818317119,397.68109604030906,529.853860418997
37,2,422.30374,518.62,397.4159,528.6291,378.1708,544.2674,17.18845223533976,398.09427211384354,529.5614450781017
38,2,424.1161,518.56116,398.71423,528.4036,378.18835,543.89874,15.869538880006274,398.52174563142125,529.2911217495908
39,2,423.9825,518.47034,398.9892,529.50714,378.19147,543.3034,9.732659812451937,398.9755902864138,529.056409210415
40,2,424.34015,517.9066,399.4304,529.54816,378.27707,543.13544,7.664597111682821,399.45931382244686,528.8547228778965
41,2,425.17706,517.27966,400.16467,528.9343,378.67334,543.02325,8.26391316453931,399.97428249570953,528.6794523294496
42,2,425.60355,517.8904,401.04404,528.49554,378.96793,543.2375,10.378714744279677,400.5218625623909,528.5239871424895
43,2,426.11542,517.7749,400.22986,528.5861,378.53897,542.3195,9.671501257954422,401.10342027867995,528.3817168944311
44,2,426.29504,519.88983,401.21362,528.3312,379.53134,543.2637,15.953945774126304,401.7203219007661,528.2460311626888
45,2,428.26532,521.17346,402.6133,528.3395,379.82178,543.1228,17.360764356140752,402.37393368483833,528.1103195246781
46,2,428.27414,520.8278,403.3289,528.56683,380.8257,542.98376,15.410167073873213,403.06562188708585,527.9679715578135
47,2,428.77325,520.82367,404.676,528.1955,382.35986,542.4931,15.63718386155884,403.79675276369767,527.81237683951
48,2,430.3095,520.5265,405.29712,527.66644,384.038,541.77185,17.632473221090322,404.5686925708629,527.6369249471821
49,2,431.72412,519.64185,406.6514,526.95624,386.161,540.6531,17.497425036608917,405.38280756477076,527.4350054582451
50,2,431.57516,519.75543,407.63715,526.51184,387.5269,539.8594,17.811419178481835,406.2404640016104,527.2000079501136
51,2,432.12558,519.831,408.2785,526.721,388.04858,539.1476,15.445726756438605,407.1327402220177,526.9288171192908
52,2,432.04916,520.1742,408.1516,526.37775,387.87848,539.26373,17.88863931253657,408.0095629044158,526.6322981386331
53,2,433.88522,519.5147,409.31415,526.0897,387.39462,538.7332,14.9960704168037,408.8105708116752,526.3248113000848
54,2,432.5956,518.4316,408.2065,525.9699,387.87943,538.3792,14.227636560746898,409.4754027066654,526.0207168955905
55,2,433.27866,517.4067,408.89368,525.7389,387.9875,538.2556,12.044311112016096,409.9676974769775,525.7343752170947
56,2,434.54678,517.38617,410.03464,525.2806,388.44897,538.7858,14.180761867634004,410.34709450908315,525.480146556542
57,2,434.54913,516.28937,409.80365,524.9945,388.82797,538.1481,12.71007390709636,410.69723331417464,525.272391205877
58,2,434.58234,515.63635,409.9212,525.33325,388.25964,537.7216,8.300423475470355,411.08848737075874,525.1151130980987
59,2,436.19745,514.4038,411.27423,525.1952,388.13788,536.1767,1.9793213835996053,411.5381660266,524.9708907304255
60,2,436.18716,514.213,411.50635,525.23975,388.5144,536.62964,2.2793301084034048,412.050312596777,524.7919462411298
61,2,438.10114,512.9,412.5748,524.67505,389.15237,536.1778,1.3922670058204318,412.6289703963686,524.5410242751194
62,2,437.94864,511.93735,413.46057,524.55475,389.4408,534.38,5.012704063233507,413.2781827404536,524.2229595038402
63,2,437.5319,511.28183,414.48303,523.07544,391.85553,534.1834,0.951416082398678,414.0019929441106,523.853109105373
64,2,439.19525,509.85684,415.77448,522.6312,393.47076,533.479,2.6726161708178804,414.79196938085653,523.4476116569191
65,2,439.28326,509.93,416.68857,521.5971,395.09396,533.8996,2.360076578622325,415.5897806579599,523.0257313321599
66,2,439.6328,510.05017,417.24332,522.08734,395.09457,533.476,1.051832740487509,416.324620441128,522.6075137038976
67,2,438.86667,510.26462,416.8002,522.04565,395.17407,533.72314,0.2690691740186615,416.9466762562191,522.2130043449341
68,2,439.49512,510.7275,416.4394,521.8535,395.68362,533.59576,3.737797784738417,417.49011106970056,521.8622488280716
69,2,441.21082,512.9914,417.84625,521.60834,395.89932,533.93896,9.084758228384066,418.0100817081908,521.5752927261123
70,2,441.3782,515.65674,417.3549,522.30585,395.64355,533.86926,12.568797216819716,418.5499989603551,521.3677681006222
71,2,443.11304,518.28595,418.77322,522.18335,396.4624,533.93933,18.68833735933737,419.1062894630422,521.2376529682264
72,2,446.01,519.84845,419.81848,521.25073,396.7654,533.48425,24.88877459968546,419.66363381514725,521.1785118343134
73,2,444.83694,519.3758,419.5078,522.7131,396.72836,534.27,19.39467627236234,420.2067126155652,521.1839092042726
74,2,450.023,519.8582,421.73138,521.92395,396.4377,533.68555,20.762415660231305,420.72020646319106,521.2474095834926
75,2,446.72162,519.02264,420.54034,522.87604,397.42087,534.4103,18.141700047213583,421.1887959569199,521.3625774773626
76,2,446.92822,517.35095,420.49234,522.6199,396.67285,534.49274,15.22215553851201,421.5959449039364,521.5224877943351
77,2,449.24084,517.3208,421.67737,522.3953,396.55215,534.34186,14.998630671620088,421.9202499445849,521.7182570551149
78,2,448.7423,516.7157,421.48227,522.69037,396.66412,534.6989,13.4583197988611,422.1390909274988,521.9405121834703
79,2,447.27652,516.19653,420.1053,522.77124,396.9342,534.5507,13.344834309751963,422.2298477013121,522.1798801031703
80,2,447.65564,517.4183,421.0332,522.78,397.31375,535.0314,15.92978687567171,422.1699001146586,522.4269877379826
81,2,446.38242,517.90424,420.8988,523.6448,396.4779,535.49255,13.18552348145124,421.9366280161723,522.6724620116761
82,2,443.0582,516.95184,417.43512,524.24493,397.67072,535.01984,12.709825554200636,421.52283798830246,522.906929848019
83,2,442.6673,516.6142,418.46088,523.95935,396.7202,535.092,10.235564021684434,420.98304354876217,523.1210181707796
84,2,441.45312,514.99023,417.52417,523.33167,396.46872,534.8538,9.47062624469953,420.3871849490798,523.3053539037263
85,2,440.90854,512.58746,417.1899,523.2076,396.30566,533.97125,3.1457873154912632,419.80520244078417,523.4505639706276
86,2,441.48596,509.92432,418.64288,523.07855,395.75104,533.2858,5.903919654815945,419.3070362754035,523.5472752952521
87,2,438.91098,509.2952,418.03168,523.4169,395.57898,532.96436,11.035850795200808,418.9626267044667,523.5861148013679
88,2,435.01605,509.98285,418.77887,523.6446,398.41583,529.04004,25.23655734311916,418.8230795502165,523.5600091423491
89,2,404.01968,524.99194,420.63654,523.4764,431.1976,510.52295,45.59795891242802,418.8641629177527,523.4710838899929
90,2,430.8989,506.01767,419.7942,522.79364,400.78003,527.7252,41.95772980265632,419.04281048288937,523.323764345702
91,2,395.30884,531.3465,420.60193,521.99426,435.27756,502.18442,33.17592176799424,419.31595592144066,523.1224758108792
92,2,435.79474,500.87198,420.08783,521.4901,396.55112,531.0832,30.52503870049507,419.64053290922055,522.8716435869272
93,2,407.69232,521.081,420.71555,521.95514,421.5441,510.97266,89.52565368497554,419.97347512204334,522.575692975249
94,2,424.45496,508.02118,421.0748,521.2812,410.99008,521.03534,77.09559750325491,420.2799577823487,522.239049277247
95,2,396.49127,530.7494,421.85306,520.3193,437.45837,499.0751,31.34506787570607,420.55812229907883,521.8661377943242
96,2,436.1187,500.29883,421.2737,519.71185,400.07434,529.0064,28.92077188561767,420.8143516278019,521.4613838278834
97,2,416.06073,515.78516,421.5604,520.65393,420.8656,513.59296,137.13776821507864,421.055028724086,521.0292126793272
98,2,421.02722,513.838,421.63287,520.50446,415.90952,515.9191,133.8914397972265,421.28653654349915,520.5740496500587
99,2,434.201,502.6511,421.57977,519.3538,403.15356,527.45935,29.179645762627377,421.51525804160946,520.1003200414804
0,3,610.2369,211.48842,644.3146,230.5982,679.5075,242.9424,9.953763691859562,644.2691181208544,230.67141527574685
1,3,610.47626,211.9528,642.9482,231.21033,678.7359,241.43938,14.71882976185803,643.1980263476025,230.9337632983663
2,3,610.9553,211.1585,643.5498,230.0092,680.3773,241.66168,12.484827654514998,643.3869486202318,230.50084393193558
3,3,611.4267,210.87622,644.76086,229.50058,681.793,241.55351,11.16420791464196,643.8149657603425,229.76017783303215
4,3,611.89136,210.60431,644.94745,229.20619,683.54596,241.12358,12.20986329870808,644.5992957960419,229.09928565823338
5,3,612.7716,210.76123,646.4099,228.7725,683.83606,236.87865,15.945407819176513,645.9950436719265,228.81267458338814
6,3,614.52155,211.23189,649.26544,229.3418,685.3932,234.29619,19.72176683007529,647.6707247920364,228.82279786143087
7,3,615.4405,211.98593,650.3101,229.32832,685.96936,232.86342,20.78187670139013,649.1482071752728,228.95909526456762
8,3,617.287,213.08472,650.627,229.81152,686.8217,231.29774,24.291738301033924,650.0842793702551,229.09006616497976
9,3,614.0212,211.8802,649.42017,229.89293,688.4918,235.15312,19.30160589764662,650.6754120444764,229.24044833475108
10,3,613.2668,211.47244,650.32184,230.54672,692.52124,241.18605,13.086857302369635,651.2529963951483,229.47403914594088
11,3,614.5297,212.38152,652.67163,231.2193,694.8557,243.14847,10.493869635437376,652.0567982729672,229.8546359706084
12,3,615.0254,213.69835,652.1657,231.71288,694.2213,242.0641,12.047763883191632,652.960082142569,230.4460361808129
13,3,620.2505,214.24292,653.7569,233.08168,693.5288,241.32047,17.643248250105746,653.7444871220745,231.31203714861374
14,3,638.8526,219.39235,653.95074,234.28413,679.31573,236.46504,39.69149596005502,654.2529268876402,232.482871136537
15,3,692.36835,241.34178,653.2386,236.83656,623.63995,216.77586,27.559916559225663,654.5734133475634,233.85450996897646
16,3,692.33606,241.83234,653.61896,239.38464,622.9994,218.89296,30.174388396503986,654.8552329681768,235.28936036079273
17,3,692.6719,241.9926,653.9188,239.57199,623.2993,218.79424,30.58580713774358,655.2476722158139,236.61140267498376
18,3,688.6976,238.11505,655.6362,238.7237,632.3208,221.87785,36.90349928644184,655.9000175568069,237.49091186709734
19,3,624.863,215.82275,658.22797,236.2938,696.4226,244.26018,19.74964932766116,656.961555457489,237.79853973752105
20,3,626.7107,216.93913,660.60297,236.17941,694.8431,250.16556,7.364444912216082,658.5211407277478,238.16443301249555
21,3,625.83234,216.58862,666.10095,238.26285,701.4411,258.21576,1.1579205253148344,660.4259015516895,238.67467017113805
22,3,626.21027,216.19266,666.55505,239.24504,704.81793,260.40442,0.8001526743603011,662.4625344569749,239.2196118316091
23,3,626.07666,216.46317,666.13727,238.74065,705.59625,259.68536,1.1189011064863856,664.417735971265,239.68961861206924
24,3,627.211,216.78065,667.8638,239.02031,705.6197,260.8428,1.3459572268851132,666.0782026222204,239.97505113067933
25,3,627.17847,216.89412,666.5832,238.24023,704.0995,259.70102,1.3261843881413329,667.2306309375022,239.96627000559994
26,3,628.0259,218.09386,664.73596,237.46529,701.0667,255.86206,0.9638804257705202,667.6863723652151,239.5913181257228
27,3,629.1763,218.58308,663.42426,236.18904,696.87286,250.61072,3.882721735332229,667.3553980352394,238.9289674628641
28,3,627.4692,216.10187,659.3033,234.07552,694.8912,248.13431,7.893069983488878,666.2807734847885,238.0956722595712
29,3,627.39355,215.23697,657.67163,233.1792,690.3649,245.34256,10.242768559567928,664.9393221986315,237.20788675839142
30,3,627.6396,214.57838,657.63275,233.43007,689.5552,241.29709,18.30650636394809,663.8685147003961,236.38206520187197
31,3,682.80115,227.23317,661.2753,234.0165,647.53564,218.42892,66.09633706999279,663.4146517215846,235.73466183256036
32,3,651.47107,218.44424,664.70197,233.76843,683.45276,224.1023,76.46404810537287,663.6248741755929,235.38213089300376
33,3,700.0617,231.72621,662.94824,236.55328,638.22534,216.91946,45.86546598102867,663.7542989542861,235.39049740711954
34,3,707.1548,235.5913,663.02277,237.32724,631.2474,215.7467,36.43531541160548,663.6604574145389,235.62406952430578
35,3,706.8218,235.42506,662.32104,237.7598,628.1057,215.30092,36.28408641863098,663.4143263719977,235.89672617533037
36,3,701.5671,233.98029,660.84827,236.84969,630.3931,216.80179,37.3868559821742,663.0868826423091,236.06021955496848
37,3,695.7159,230.33618,661.512,236.52614,637.88226,218.77975,47.1651541987519,662.7491030411198,236.1177949140235
38,3,703.28406,232.67148,661.936,236.5552,630.6284,216.4997,38.00939360052045,662.4719643840763,236.11057076730577
39,3,671.9275,222.5697,662.0917,236.12704,655.78503,225.97208,112.19728345127582,662.3110973049528,236.07418837398183
40,3,675.2472,222.7451,661.75946,234.83879,652.7742,224.48909,90.91728182928192,662.260747710037,236.02237997064174
41,3,689.8518,226.09666,662.4622,235.3591,641.3951,222.19458,50.68478042928159,662.2998153237437,235.96340053823178
42,3,704.7937,231.58784,664.3226,236.32407,631.7409,218.71817,35.059899239628095,662.4071998704884,235.9055050576981
43,3,700.7085,230.43593,662.618,236.20087,632.8392,219.30992,38.16880337576929,662.5618010746862,235.85694850998675
44,3,680.43823,224.11551,662.51544,236.07861,649.07367,226.70975,68.59867264065821,662.7425186607524,235.8259858760441
45,3,694.6033,229.10448,663.77686,236.36044,640.3996,223.57559,41.9191911084374,662.9383430234535,235.82132434211246
46,3,708.74097,237.90805,664.88715,236.4141,630.0893,217.09164,27.091283829293147,663.1786272389611,235.8534799156199
47,3,707.6939,241.59421,663.8269,235.7039,627.9767,214.887,22.49445281701522,663.5028150537979,235.93342080929074
48,3,703.2561,238.34006,664.2318,236.08469,631.4747,218.68407,24.66961223867946,663.9503502144868,236.07211523584917
49,3,690.4239,232.40697,665.7482,236.24777,640.47394,224.24146,34.25681232875425,664.5606764675505,236.2805314080195
50,3,707.76666,250.04755,668.7585,237.93594,630.2108,215.02553,13.475726268164964,665.3732375595121,236.56963753852608
51,3,709.70514,248.7661,669.6358,238.6878,632.0374,217.98477,14.720509823376398,666.3926046128131,236.9356812366248
52,3,710.2749,249.01886,670.6079,238.8968,632.8962,219.75302,12.598940297939889,667.4838582535724,237.31602769769844
53,3,708.2076,247.11475,669.02295,238.15338,633.1652,221.30338,12.287660345729115,668.4772064838274,237.63332151366114
54,3,707.8911,246.42647,668.9211,237.30878,634.64197,220.92265,12.380324030999985,669.2028573056157,237.81020727642746
55,3,705.0514,246.71095,669.26587,236.64543,634.88544,221.5102,8.05054489180429,669.5941493194938,237.8132957608234
56,3,700.5343,244.54749,670.5529,237.12231,638.96954,223.41245,9.555017782241492,669.9969435200934,237.78506247332254
57,3,708.26587,249.90636,671.74084,237.99959,635.39453,221.55301,6.291175423846847,670.8602315005653,237.91194910331012
58,3,715.42737,255.47185,676.50806,239.89046,636.67065,221.42413,3.0510129540616595,672.4954284660598,238.3383384890325
59,3,642.513,224.7675,680.08704,241.61545,712.2159,254.64589,2.075280060843755,674.6636440697268,239.04037806417998
60,3,716.18555,258.7402,680.7182,242.35785,642.66113,223.11884,2.025937023082752,676.9884115767167,239.9521564113037
61,3,648.0543,225.95473,683.4395,243.41365,714.2888,256.2832,3.616875201429185,679.1229367039632,241.00776211295477
62,3,653.9881,230.27563,683.5654,243.71817,697.01605,248.98712,3.0495368417897657,680.8391149755357,242.14128375168463
63,3,647.52716,228.00726,679.9608,244.78537,715.65216,252.85776,14.608475784725409,681.9385143672881,243.28680991004427
64,3,642.31665,228.05386,679.57166,247.00957,717.3959,256.3441,13.104567444996862,682.3171668983874,244.37105764888094
65,3,645.86865,229.4876,679.3095,247.69487,713.9079,255.25113,16.2467018234077,682.2489607612541,245.29125794222534
66,3,643.8213,226.62564,678.33954,245.38841,718.69617,256.2188,13.504434628261553,682.1022481916227,245.93727024240437
67,3,644.37494,225.41136,678.60724,243.92757,718.5367,256.88013,10.436543520588028,682.1755614474196,246.24094638364807
68,3,645.35657,224.4737,680.01746,244.22992,719.005,260.26053,7.331413950456875,682.4881528753388,246.30210772780092
69,3,644.61194,224.76562,682.7299,244.41353,718.28595,265.62805,3.553524201345772,682.989454844266,246.2625680186105
70,3,644.91705,224.05836,683.717,244.62411,718.9315,266.28055,3.665166722193485,683.632453398302,246.24135198311816
71,3,645.0924,224.80054,685.0743,245.11009,720.1836,268.59103,6.845300497395392,684.3843492824049,246.2663282815385
72,3,645.1666,225.01587,686.5482,245.38763,720.3278,270.48462,10.40035976615101,685.2158969167477,246.34257655737994
73,3,645.77325,224.40446,686.8837,246.0759,722.48755,271.68042,7.925829183657211,686.097850721503,246.47517645415058
74,3,646.1711,224.9549,687.51996,246.52348,723.7709,272.31458,7.882668035429285,687.0009651168436,246.66920761535854
75,3,646.6422,225.41693,687.76855,246.51543,723.8627,272.03186,8.09953342968929,687.8959945229426,246.9297496845122
76,3,647.7688,226.1981,688.43317,246.94113,724.60376,271.4183,7.060553360651567,688.7551822440296,247.25856847411555
77,3,649.51996,227.24136,689.4062,247.58127,725.6884,271.13196,5.968279247282411,689.556727120564,247.64417447265637
78,3,726.2385,271.0766,690.2624,248.44003,651.7341,228.86362,5.243216461622921,690.280316877062,248.07176433761833
79,3,726.22845,271.50635,690.89594,248.99533,652.0398,229.82458,6.241301574073902,690.9056392380401,248.52653472648504
80,3,726.40436,271.284,690.789,249.96503,652.20953,230.18651,3.761349906596714,691.4123819280146,248.99368229674016
81,3,726.43256,271.31082,690.7126,250.37436,652.7006,229.53671,1.6447294107014123,691.780232671502,249.45840370586734
82,3,726.7217,271.57538,691.41144,250.31194,653.2915,229.94684,2.943175359061855,692.0196844283143,249.91318570486033
83,3,653.7778,229.52072,690.46643,250.16064,726.4895,269.76477,0.805271837583066,692.2644510994464,250.37967541875324
84,3,654.0714,229.48212,690.7646,250.65619,728.5345,271.01785,1.658356199291005,692.6790518211889,250.88681006609033
85,3,731.3178,273.5007,693.87085,252.18091,656.4291,229.33205,1.7393384816193287,693.397775230774,251.46352686541584
86,3,735.0745,275.06967,696.6529,253.95767,657.4147,229.85039,2.7778423445858715,694.4339879692003,252.13876303527394
87,3,736.4754,276.0059,698.6581,254.26598,659.2609,232.30818,0.7600182921835852,695.7708261784071,252.94145579420888
88,3,736.3361,277.3659,700.67834,255.34502,662.10486,233.95094,2.683798461368246,697.3447052319362,253.8882904659458
89,3,735.7007,277.3071,700.6758,256.0198,662.83734,235.72041,3.07778006554259,698.9051574297331,254.9469447949334
90,3,735.95996,276.9086,701.0943,256.76865,663.887,236.69724,1.6680047223782208,700.1549943033451,256.07284463080106
91,3,733.2625,274.10004,700.46906,258.5413,669.70825,239.48782,6.392459858888594,700.8876457194814,257.2214158231786
92,3,695.6167,253.47826,699.0925,261.7839,709.0436,260.56366,74.28216491489317,701.2590148855003,258.3480842216953
93,3,736.58484,275.9977,699.94147,260.83658,669.66675,238.19345,14.31637826467845,701.5156233439222,259.40827567598086
94,3,737.6167,277.3585,700.50165,260.5645,667.85596,237.0492,11.419925524171976,701.8682167852772,260.3675280688147
95,3,738.2975,277.62335,700.9184,260.206,667.95844,237.09685,10.051501628378231,702.3844374921324,261.2318274155757
96,3,739.7573,281.2706,702.5252,261.38318,668.706,237.8252,6.751743247914645,703.096151895064,262.0172717647927
97,3,742.2381,285.58575,705.99335,262.88565,669.6487,239.51189,0.6869955718530901,704.035226424649,262.73995916499445
98,3,744.5665,286.5414,707.1644,263.61465,670.2048,240.65369,0.342640706430376,705.2335275114631,263.41598766470975
99,3,745.60205,285.93936,708.171,262.89792,671.01575,241.96706,2.2213181123552275,706.7229215860832,264.06145531246744
0,4,556.223,493.15747,552.26843,491.27414,554.1755,484.8041,80.95726613617693,552.8561842481082,491.6366801580366
1,4,549.40265,473.06052,553.1541,491.87762,562.1523,506.97742,19.516341202996845,552.8454534110392,491.7858625145573
2,4,548.0274,471.4433,552.60046,491.81448,562.5849,508.06656,18.91203041392581,552.6176850224177,491.8544822499204
3,4,547.5217,472.27747,553.1402,493.09036,563.03455,508.50018,17.596766374873855,552.2442644362397,491.87095562874185
4,4,554.6709,497.7139,551.2396,491.1426,549.6167,482.52356,16.908164780838035,551.7939876873672,491.8625652595395
5,4,546.06866,471.15692,550.5024,491.45404,557.9929,509.09256,10.687284919285531,551.3252935341254,491.85205912644034
6,4,552.5272,492.4296,550.1901,491.47766,551.64514,488.2802,92.30636980876224,550.8940314157063,491.8610515574733
7,4,551.34015,487.4549,550.4647,491.38553,552.6034,493.28424,60.9572750108238,550.5444999380925,491.90561780961394
8,4,549.16284,480.5243,550.08826,491.63684,554.0061,500.01114,20.31174252026129,550.2747943744334,491.97967685562406
9,4,547.7455,477.40173,550.08264,491.75555,554.52734,504.0881,10.571365160422053,550.07145916467,492.0716085972122
10,4,545.22516,473.14447,550.5163,493.37555,557.65576,508.94168,9.982134482966034,549.9210387487435,492.1697929360869
11,4,545.09283,473.26938,550.7322,493.22064,556.4089,509.20938,3.763691821702884,549.8100775665945,492.26260977395634
12,4,545.12555,473.15503,550.84424,493.08298,555.2512,509.40765,0.9046054697716452,549.7270329442002,492.3405632117039
13,4,544.3048,471.90387,550.3089,491.94528,553.39264,510.05933,7.01595970663495,549.6680137516832,492.40265414691163
14,4,544.23676,472.04083,550.2662,492.14844,552.6362,509.4381,8.886349300159488,549.6310417452019,492.4500076763367
15,4,548.9758,499.40933,549.58734,491.1425,545.0887,477.59787,22.60372521926211,549.6141386809145,492.48374889673585
43,4,545.9755,490.11868,548.7799,492.55762,545.85815,488.50336,166.79193324889874,549.2571734154201,492.46979843674467
44,4,551.8395,514.5643,548.1829,493.17212,541.8797,470.94836,6.1348495970031225,548.9617336037327,492.5981997846783
45,4,551.9365,513.7464,547.9343,493.16443,542.49585,471.39584,3.023102712208955,548.627015418996,492.7467417262953
46,4,552.0312,514.6497,547.54004,493.43457,542.4257,471.4461,1.141067300126475,548.2510406173685,492.9165493583524
47,4,549.452,509.49323,547.7919,493.539,542.5199,473.79102,9.006560650096432,547.8318309550087,493.10874777760705
48,4,551.2693,513.9156,547.5244,493.29288,541.2873,470.57764,5.061634497562924,547.367408188075,493.3244620808157
0,5,373.8867,727.46204,401.1102,734.8908,420.32202,746.7826,16.49347911814095,401.0962534321316,734.9252872182245
1,5,373.32132,727.4913,400.37305,735.31213,420.1709,746.9095,14.236290698400165,400.51622625198087,735.360290375325
2,5,373.77686,726.50995,400.74838,735.2496,420.02554,746.68555,12.724160121423804,400.55778361344665,734.9707062690352
3,5,370.64734,723.95636,399.27383,733.67267,421.29504,746.6187,11.70277176715146,399.51238600114095,734.2757346838001
4,5,369.54245,723.7881,398.16095,733.1454,420.36102,746.9814,13.82685576305856,398.66042386583604,733.7024900124725
5,5,369.7389,723.2251,398.36066,733.2318,421.18146,746.5461,10.989834468662226,398.26603008697225,733.309745081535
6,5,371.11063,723.9912,398.87256,733.6769,420.87003,746.0721,10.167497769074956,398.12307352722405,733.0641873258763
7,5,369.39664,722.5647,399.13528,733.48553,419.76608,747.97186,14.91079691211813,398.05845132976134,732.9355006022004
8,5,368.67545,722.5391,397.86484,733.2792,420.89056,746.76154,10.149683930920189,398.03117375973693,732.9053544544648
9,5,369.43207,722.63763,398.70956,733.1444,419.82632,747.0429,13.6104189029679,398.0332793627987,732.9584148484416
10,5,370.29404,722.5284,398.76703,733.71466,421.0769,746.4706,8.310731230578353,398.056806684595,733.0793477499021
11,5,372.01123,723.4375,399.11203,734.8057,421.52567,745.46045,2.6677779776020327,398.0937942707738,733.2528191246183
12,5,371.03708,722.75165,398.57132,734.3364,421.56137,745.70496,3.493903333452915,398.1362806669835,733.4634949383618
13,5,370.68057,722.6706,398.7083,733.8446,420.99994,746.638,8.115950872133856,398.17750839349037,733.6943220792292
14,5,371.15076,723.15405,398.43173,734.734,421.23407,745.4575,2.1869540051902336,398.2155358690353,733.9213711246191
15,5,373.40546,724.3919,398.6994,734.62384,420.2102,743.4352,0.2502292180346854,398.24962548697675,734.1189935742544
16,5,373.03207,723.8126,398.33905,734.1901,418.29193,742.10126,0.6691032853862068,398.27903964067394,734.2615409278583
17,5,378.45917,726.70184,398.90955,733.77997,411.1078,738.44476,1.836323175430036,398.30304072348565,734.3233646851543
18,5,371.1255,722.8134,399.1252,734.552,410.77963,744.5112,17.77005238695434,398.3208911287708,734.2788163458654
19,5,372.8066,723.62024,398.3678,734.7166,415.21356,740.9765,3.0810222549299784,398.31176369525207,734.1111385010693
20,5,369.36584,723.1901,397.58005,732.4815,412.95322,744.17145,19.022250413312708,398.1744730431064,733.839138107259
21,5,366.82776,721.53485,396.5736,732.4709,411.75067,744.72876,18.74046036234193,397.7877442378747,733.4905132122827
22,5,365.64584,720.6809,395.16095,732.0296,414.94672,741.6645,4.932288659220599,397.08551427032825,733.0929618639875
23,5,364.50967,721.0034,393.69562,731.7384,414.43353,741.1228,4.15364647966048,396.2225678321618,732.6741821102215
24,5,364.37787,721.0153,392.70377,730.9108,413.73535,741.6066,7.69944417949852,395.3745981828011,732.2572451811744
25,5,364.65387,721.6303,394.22116,730.81396,409.4474,745.8107,27.310119241219223,394.58008515167194,731.8467150364056
26,5,366.29205,720.3843,392.52615,730.87714,413.5008,741.74207,5.584441904385453,393.8432052107006,731.4425288178168
27,5,363.8383,720.54736,392.18378,730.22156,412.6462,742.7047,12.54080068013888,393.16813483181323,731.0446236673095
28,5,364.13724,720.31903,391.93683,730.16736,412.96478,742.3747,10.629101694371878,392.55905048693614,730.6529367267854
29,5,364.47232,721.0756,392.00836,729.88477,407.8642,743.0775,22.021785434622075,392.02012864799536,730.2674051381462
30,5,365.40747,720.87714,391.00256,729.75867,409.9758,740.99426,11.496392514340975,391.54225393871303,729.8879660432933
31,5,380.08835,729.2118,390.38986,728.7124,405.41888,734.78107,24.76404449738419,391.0631435899948,729.5145565841287
32,5,372.16257,725.42554,391.0975,729.02405,410.92548,738.8093,15.5062255470149,390.50722298454195,729.1471139025539
33,5,369.32733,724.25903,390.0066,728.57794,411.0285,739.35547,15.346550632776864,389.81872052998244,728.7855751404704
34,5,360.96896,718.68005,388.76062,728.78284,410.34027,740.71857,8.969858997333459,389.02107673364895,728.4298774397798
35,5,406.01382,735.41614,385.1986,727.8942,365.79688,720.86633,0.0342640200960379,388.15753512780054,728.0799579423842
36,5,367.3263,721.53613,385.71634,727.9216,402.18683,738.19244,12.799188384336151,387.2639146298332,727.7353111165296
37,5,358.30417,718.7923,386.17868,728.00574,406.72372,740.3166,12.640160364159325,386.3463356976904,727.393660735842
38,5,352.3122,719.2274,384.79227,726.9662,406.2521,740.88885,19.573078705308987,385.40349417445236,727.0522879002913
39,5,349.37488,718.6665,383.83417,726.66077,406.93484,740.2594,17.422872665789747,384.4468578487093,726.7084737098486
40,5,352.9512,719.3504,382.96783,725.9398,405.26065,738.00946,16.05026422083744,383.53898229109205,726.3594992644839
41,5,357.46698,722.1914,382.01013,725.09155,399.7859,736.01965,24.843058206669134,382.75519501774113,726.0026456641682
42,5,352.85556,720.62213,382.09622,725.16455,403.31918,737.2991,20.929276581679787,382.14451881284333,725.6384923810643
43,5,356.94324,720.81134,382.47937,724.9823,402.46997,735.80853,19.16193951379841,381.65075753277046,725.2808123761074
44,5,349.6518,719.199,383.6766,725.5832,403.46075,740.5099,26.406663543974,381.1914103019408,724.946676982425
45,5,343.2129,718.3995,380.821,725.4619,406.66638,738.7406,16.557197125442883,380.68397624477245,724.6531575331448
46,5,392.96594,731.076,379.38232,725.0811,360.53937,726.51196,28.15579988445285,380.0459544856836,724.4173253613948
47,5,387.89648,729.6572,379.86926,724.9993,363.91064,728.03394,40.89152292402103,379.2216541628397,724.2498093296457
48,5,406.3159,736.51373,376.00912,724.4538,336.60803,720.0319,15.295678704975488,378.2626244693961,724.1354684177422
49,5,406.3663,736.2711,375.70123,724.35913,334.75742,718.7125,13.376682492096766,377.2472246122555,724.0527191348722
50,5,405.92706,736.5591,375.8125,724.39465,334.67453,719.5937,15.339142066421113,376.25381379832015,723.9799779902229
51,5,406.40445,736.47614,375.0467,724.08295,333.21454,717.87195,13.119606359285312,375.3607512344929,723.895661492982
52,5,405.71588,736.0718,375.4807,724.3578,335.41153,719.47644,14.23211012930122,374.6463961276764,723.7781861523373
53,5,404.44287,735.1783,375.86047,724.67114,337.4109,719.7186,12.844262697529972,374.17205455279924,723.6305484797617
54,5,406.04678,736.8166,375.5517,724.0341,333.37286,717.8728,14.43096005864344,373.9308200568944,723.5540649958679
55,5,406.4564,736.4735,375.3933,724.49493,334.54724,718.3773,12.569707408685804,373.89873305502084,723.6746322235541
56,5,406.6879,736.52704,375.59406,724.8946,334.97507,717.1056,9.656100774418212,374.06235085138303,724.0732441351538
57,5,406.10202,736.87787,377.7237,726.6085,338.93384,717.917,7.264336825413577,374.45029830676685,724.6512845007436
58,5,404.70776,735.471,380.6365,728.3743,349.0672,721.31335,3.818903655946386,375.10171717110353,725.2652345398353
59,5,404.38666,734.34393,380.3983,728.1568,350.10666,721.67847,2.3909739420297598,375.98517899966936,725.7977230799064
60,5,406.96445,736.08167,377.33514,726.75934,339.9057,718.2297,4.627450101039546,376.78697456912255,726.2359693802961
61,5,405.379,735.98254,379.7153,727.2786,343.368,719.7583,7.044838304238725,377.22338106820825,726.593340308308
62,5,407.17184,735.85156,378.20197,726.92267,341.7801,718.64716,4.328979026833975,377.4163138324137,726.8832027312467
63,5,405.89096,736.3053,378.83502,726.82355,341.48392,718.8844,7.313085753868105,377.6018916830658,727.118923516417
64,5,406.4749,735.97534,378.82074,727.065,342.72696,719.5581,6.110162082764808,378.0196451612662,727.3138695311228
65,5,404.25888,735.79364,380.2466,727.2295,348.37646,721.43396,9.322595463103942,378.8401625689065,727.4803157433582
66,5,400.75293,733.38885,382.5466,727.6485,361.6964,725.6459,12.0134382907924,379.95826325103945,727.6261695238768
67,5,382.36325,724.83154,386.17175,728.2207,388.14618,735.33594,32.82537537769452,381.19982431350775,727.758246344122
68,5,387.49948,726.9033,385.0148,728.0135,385.25415,732.1862,69.20756085688129,382.38199406051694,727.8833616755368
69,5,395.47498,730.26654,384.28003,728.1442,375.48096,727.05664,3.688438769733072,383.28700558972554,728.0083309895649
70,5,405.26126,735.3934,381.92935,727.48914,356.78467,719.87317,1.864141459861255,383.75162800489744,728.1383105664876
72,5,404.82504,734.9926,383.19647,728.2175,358.54175,721.18524,1.4729949337285075,383.7822836398168,728.4057193803798
73,5,405.2337,735.26764,381.3979,727.971,357.95966,720.30664,1.0878652374431803,383.6545031445216,728.536869266288
74,5,403.42142,733.98517,381.99307,728.09924,365.29382,722.06696,4.502108053638667,383.60860581279167,728.6621299041304
81,5,367.9217,717.47723,390.0148,730.0051,397.63492,751.9147,41.26698516381022,385.66618638350474,729.1103226785965
82,5,374.46585,719.1367,388.9109,729.5207,393.34375,749.7993,41.95835807857159,386.2049266990154,729.0754410128047
83,5,386.01926,721.73364,386.12146,728.709,386.7809,746.47565,1.2861834735580042,386.7494384159953,729.0127996684542
84,5,385.84222,720.4667,384.36505,728.2485,383.7459,747.2408,8.881086109709313,387.13345495847534,728.9511922164329
86,5,367.26855,715.1248,385.84723,728.0863,397.4551,751.3737,28.60380247421603,386.77449179240887,728.9717998700614
87,5,398.00775,725.3457,381.69806,728.8758,372.3468,742.00464,42.32616506010785,386.3185035014927,729.1243754160541
88,5,373.5195,715.1209,389.03275,728.59894,396.15405,749.45905,30.16654673334397,387.05606542560923,729.4187057350606
89,5,398.47723,726.5207,385.67252,730.8557,372.98404,745.79877,30.961221037835287,387.0172649054878,729.7877648966021
90,5,406.6563,732.9941,380.17398,730.8497,353.8547,738.88556,21.60808751107696,385.5484110387966,729.7557023676002
91,5,404.969,732.0318,371.1132,726.44116,338.38605,721.31866,0.4801054105106927,382.5933664800925,728.8008562360404
92,5,335.1879,726.0275,363.74677,718.29724,395.4173,721.2455,20.464226877405554,378.27561605498227,726.7663004780688
93,5,335.77026,722.393,360.46967,714.6374,388.06107,715.13763,18.470970066442923,373.43713327327265,724.1081310467563
94,5,337.0621,723.4624,358.06223,713.8112,386.4143,714.2985,25.66713996465265,369.0995138158205,721.4216006964754
95,5,336.74036,726.8194,361.50342,714.65326,392.59665,718.88965,33.92362394335067,366.0460569732657,719.1904585782323
96,5,335.34167,725.01074,363.66016,715.86456,397.7428,723.35596,30.29572615797912,364.10687647538015,717.4524394295639
97,5,334.43494,718.05914,364.74707,714.9097,396.42297,726.54736,26.104902559705824,362.8737896617189,716.1337743846406
98,5,334.76718,721.44617,365.51733,715.7958,397.68716,727.41534,30.271501963279945,362.0247909500781,715.1606945776317
99,5,334.53018,718.43475,365.69772,715.3047,398.846,728.71497,27.760822095794968,361.5825830712188,714.4594311427077
0,6,552.6628,178.25468,543.73706,186.50089,534.1393,202.01765,15.52756968425118,543.5990382387914,186.36169177827173
1,6,552.3897,177.9934,543.2951,187.01657,534.6812,203.61101,17.792820668056677,543.5435320586938,187.12345851754674
2,6,553.1474,177.24551,544.3205,187.29825,534.28375,206.60011,13.811185458453934,544.0660271279951,187.47177858550788
3,6,553.1899,177.2289,544.73315,187.52798,533.93506,206.92398,10.284418158401284,544.6461571328015,187.55614011975686
4,6,553.525,177.5053,544.78503,187.76892,533.82935,207.24773,11.060853115509683,544.8834307420011,187.52603125789562
5,6,553.2546,177.02493,544.2719,187.17807,533.7454,207.11154,13.662074760739268,544.5156965276319,187.53094013752582
6,6,551.0901,176.78493,542.395,187.50963,533.1102,207.73186,14.371806689185853,543.7142876915485,187.72035489624932
7,6,550.7991,177.09224,541.68134,188.59695,531.763,209.76204,13.28895309892775,542.758908593059,188.24376367166778
8,6,552.1146,177.46996,541.18866,189.83148,530.5272,211.36104,15.127844111114683,541.8781904204665,189.1842600620888
9,6,549.2693,177.29637,539.47174,192.65903,528.2766,214.68262,5.5823709729598185,541.0964716780546,190.35935950864254
10,6,549.0638,177.14969,538.6904,193.5908,528.7051,216.72046,8.89900809663629,540.3870176991016,191.51046572249498
12,6,548.1928,177.39331,538.35645,195.15645,529.1575,218.10786,7.134543982859917,539.0779653646839,193.27220632605517
13,6,547.6736,177.22513,538.1101,195.2422,529.3112,218.29445,7.067884407914333,538.424897675776,194.2737184785868
14,6,548.7252,177.29195,537.5556,196.4418,527.9263,220.3476,8.31415645653854,537.7371560834396,195.661616479567
15,6,546.4496,178.16713,537.28345,200.62718,526.9098,224.3034,1.4596491706014678,536.9995723587365,197.52686527400738
16,6,546.8738,178.2792,536.1052,203.20497,524.09894,227.87967,2.581112547526383,536.243244023866,199.65523174032953
17,6,546.69305,178.74487,535.0526,205.11705,524.12146,231.086,0.9883376895889278,535.5108350388107,201.76007099026393
18,6,546.2788,178.60846,534.5031,205.29156,525.32196,232.61662,5.240450285163864,534.8450093635529,203.618934411585
19,6,544.90784,178.67496,534.4432,206.0422,524.3695,234.39468,1.3657304198581266,534.2884309580753,205.2661584962432
20,6,543.48755,178.98721,534.12103,207.7701,523.50354,236.47577,2.272278006847118,533.8837637823608,206.80027601223304
21,6,542.948,178.9514,534.71655,208.53229,523.1112,237.25919,6.447922746136145,533.6566472664957,208.29995941921956
22,6,544.19476,179.01776,535.3751,209.56282,523.3206,238.84744,6.268071096918061,533.5646227209829,209.76443994354918
23,6,543.67236,179.07295,535.5996,211.02267,522.0874,240.6259,10.353890203994364,533.5482069264291,211.17308850323926
24,6,544.3197,179.45216,536.0823,212.48094,521.2668,242.7909,12.04539123054986,533.5494392752225,212.50527601630688
25,6,545.6982,179.96472,535.1127,213.8366,520.5066,245.31851,7.534134661206105,533.5164496068807,213.74037340076907
26,6,544.19104,180.34056,532.98254,213.60979,520.1039,245.06915,3.6440573731308112,533.3988903727023,214.85775157464315
27,6,543.8103,179.76706,532.8146,214.02235,518.8282,245.44576,6.197262853009616,533.1627430433259,215.83610320883938
28,6,544.1041,179.54987,533.07404,215.3039,516.16327,248.08514,10.14274365707472,532.8393051667449,216.65140798584196
29,6,544.1608,180.18037,532.3283,215.43053,517.4652,248.25496,5.805726825259138,532.4762033102915,217.27896734102805
30,6,543.639,180.40582,532.16504,215.12663,520.09705,248.0904,1.8210193677103064,532.1210640412985,217.69408270977505
31,6,544.14044,180.35785,532.71295,214.45525,522.1274,247.46053,0.7457234268133639,531.8215139270983,217.8720555274602
32,6,543.7305,180.34525,532.2669,214.20105,525.0755,247.87659,6.651719944695519,531.6251795350233,217.78818722946085
33,6,543.0867,180.16486,531.53973,213.13965,526.8688,247.10435,11.468514937735382,531.5651459566792,217.4375987009224
34,6,543.42426,180.06912,532.2535,212.7402,528.18005,246.0373,11.901699128673656,531.6163323807644,216.89468862606222
35,6,543.05743,179.82841,532.89514,212.45815,529.1085,243.6044,10.367068956119391,531.7391165202505,216.25367513886573
36,6,543.0259,179.80052,533.62537,212.44203,528.90704,243.63039,7.463243911173672,531.8938760881088,215.6087763733185
37,6,543.5515,179.8156,533.12067,212.72293,527.71106,244.42789,7.904625546885995,532.040988797311,215.05421046340592
38,6,543.9275,180.28905,532.966,210.52136,527.5411,240.5834,9.700000260516576,532.1408323608287,214.68419554311347
39,6,544.64233,180.28017,532.58936,214.43683,529.53827,248.69989,14.34788832205646,532.1630213044507,214.56934510428943
40,6,545.39545,180.37314,532.36584,215.69574,530.5406,251.29213,17.312365989790248,532.1141174052352,214.68585407023326
41,6,543.9156,180.94487,531.9716,216.43347,530.5753,251.89656,16.346315983190923,532.0099192530581,214.98631272210721
42,6,542.967,181.12408,531.28674,216.97865,529.8981,251.83191,15.76229226571714,531.8686746481302,215.42331134107354
43,6,542.9847,180.91809,530.6371,216.33876,529.4293,250.33047,17.18356320504863,531.7184282320026,215.9494402082946
44,6,542.5958,181.15752,531.507,217.07256,529.8516,250.8799,14.35487370817243,531.5896738565618,216.5172896049326
45,6,543.08813,181.68703,531.87885,218.48236,529.80145,254.20006,13.614104620409746,531.5053453494404,217.08506224539082
46,6,543.11975,181.71153,531.68176,218.55199,529.8068,254.12225,14.230859891674609,531.458136441254,217.63341057703653
47,6,543.4829,182.15259,531.8235,218.50955,528.46246,253.65903,12.31862448976953,531.4331808383646,218.1485994804779
48,6,542.6078,186.79076,532.79626,220.85333,524.7876,254.1665,2.5510590083069946,531.4156122471335,218.61689383632333
49,6,542.624,181.4147,531.027,218.37404,522.00305,251.15364,2.028929502218174,531.3905643739226,219.02455852518085
50,6,541.40985,181.52635,531.24927,219.70862,518.4918,248.67023,8.871812714512233,531.343170925094,219.3578584276588
51,6,541.5868,181.04932,530.73206,219.09555,515.90344,245.42978,13.459919123806811,531.2603018354253,219.6807114206947
52,6,541.7477,180.89594,530.61975,220.11638,512.6162,247.33943,17.637929157830385,531.135771953361,220.36764736654322
53,6,541.51105,185.76176,531.24475,225.23164,511.5556,254.27449,19.55485380054225,530.9651323557612,221.70521082433683
54,6,538.2444,194.01407,530.5642,228.30142,511.98267,254.92319,22.28885800973431,530.7439341194869,223.3173931554029
55,6,534.3741,194.72244,529.9943,228.42363,512.4029,254.01788,27.096922500073333,530.4677283213985,224.68530193652936
56,6,540.84546,184.45245,528.5525,224.63344,508.8243,255.70003,15.405745407366515,530.1320660383564,225.4969533592551
57,6,541.28796,185.54715,528.148,224.6866,507.33234,255.80043,15.225185827553863,529.7324983472214,225.98177609742046
58,6,540.3865,186.13498,528.82745,226.11967,506.7992,255.91922,20.34850532544493,529.264576324854,226.60725782369562
59,6,539.0957,189.58371,527.7842,226.94772,506.63867,255.51811,19.66280279552149,528.7238510481145,227.50312378095606
60,6,535.26855,195.69983,526.54156,231.03847,506.08533,256.20676,25.23163878572408,528.105873593864,228.7008846678841
61,6,535.4265,198.64005,526.0518,234.38803,504.4928,259.269,26.213892508331263,527.4061950389626,230.1906780729977
62,6,536.67737,198.8046,525.348,234.3691,504.3929,259.41394,22.24966586144791,526.6203664602708,231.79714914415834
63,6,537.23926,198.8341,524.17664,234.3222,503.12384,260.63174,18.458796535244723,525.7439389346495,233.3035699190632
64,6,537.90436,198.58102,523.31195,235.47256,500.42188,263.04315,18.119421729944104,524.7774768165508,234.54540492989702
65,6,536.7157,198.62906,522.7081,235.2802,499.2923,262.3781,19.914753674582823,523.7415975707947,235.5668886867929
66,6,536.2344,198.86923,521.0685,235.15987,496.69162,264.07938,17.448129813848933,522.6619319397927,236.4644481943713
67,6,535.1498,200.53549,520.1877,236.15839,495.88327,264.2954,18.03699235541736,521.5641106659564,237.33451045725252
68,6,534.7942,202.61823,518.91815,238.2839,494.27383,265.64862,18.010292734951655,520.4737644916975,238.27350248005698
69,6,534.1947,206.0215,517.7127,240.33382,493.19095,266.3156,17.686655760133636,519.4165241594277,239.3778512674051
70,6,533.6293,209.13046,517.153,242.45984,492.84393,267.2597,18.12211189678392,518.4119806770088,240.70809353902942
71,6,531.92365,211.0869,516.05206,244.49931,491.7588,268.40646,20.05029478199513,517.4555661141054,242.18120487511132
72,6,532.6261,211.38069,516.0199,244.4224,492.75003,268.86044,16.913999694439394,516.5366728058317,243.67827057094416
73,6,533.17773,212.17416,516.05817,245.535,491.77072,270.59933,16.932899849550317,515.6446930873024,245.08037592182149
74,6,532.42633,212.83893,515.97906,245.91634,491.9818,270.93634,17.36648602998757,514.7690192936318,246.26860622303678
75,6,531.18506,212.7475,513.78894,245.25473,489.99707,271.3039,14.253597406476764,513.8990437599348,247.12404676988348
76,6,530.41846,213.22337,512.4963,245.34259,487.3122,271.72913,14.503247005416682,513.026063599348,247.59296879598756
77,6,530.4974,213.80817,512.0838,245.77132,487.45636,272.65668,12.544496222931338,512.1489950370969,247.88238728830424
78,6,526.3816,216.15448,512.01404,246.89204,489.98505,270.7083,17.714826085555092,511.2686590764285,248.2645031721214
79,6,525.83093,217.43771,510.71698,248.036,490.50427,271.83514,14.054386006651544,510.3858767205904,248.95606601627642
80,6,527.8093,218.61206,509.09195,250.33392,485.99765,276.50974,10.878621808720805,509.50146897282997,249.95201996380567
81,6,526.3425,221.24702,508.0836,252.26233,484.59454,277.86172,12.052638648761448,508.6162568363946,251.19185780129516
82,6,511.48373,238.39943,507.1591,253.8077,495.847,262.64722,36.31730154182218,507.73106131453187,252.60014892805194
83,6,525.1596,226.94862,506.38333,255.72137,484.2254,281.3032,7.770465784890563,506.84670341048883,254.0417691942673
84,6,525.5557,227.60373,506.00635,256.74353,483.98386,283.12558,5.996589944475906,505.96400412751314,255.36667106285347
85,6,525.17664,227.5458,504.99857,256.6343,484.16843,284.2632,2.2652903639541626,505.0837844688522,256.47252857551257
86,6,524.95667,227.40826,504.54913,256.91122,483.1538,285.2663,2.3643851115821906,504.20686543775327,257.4479020891053
87,6,524.5714,228.69963,503.55115,258.48285,480.6344,288.06055,2.5548924812489338,503.3340680374639,258.4290735392822
88,6,523.5482,229.89792,502.69882,259.58673,480.4999,290.21326,0.8568368702826921,502.4665442279829,259.5277521042767
89,6,522.579,231.1004,502.0609,260.95236,480.3293,291.2531,1.146200503144137,501.6067697963165,260.75735593265443
90,6,521.326,233.03261,501.07675,262.91162,479.24203,292.84192,1.98563943419833,500.75755148622187,262.10673041556373
91,6,519.2392,234.99976,500.00882,264.30124,478.76932,293.4267,2.824453321391525,499.92169604145647,263.5647209441533
92,6,517.23224,237.76604,498.6787,266.70477,477.38666,295.83707,3.496928085093327,499.1020102057779,265.12017290957147
93,6,515.9227,240.24292,497.9062,268.80383,477.38345,297.46674,3.3585878336353674,498.3013007229437,266.7619317029669
94,6,515.44434,241.79378,497.5625,270.63516,476.7933,299.18747,4.233320603168515,497.52237433671127,268.46849492060755
95,6,515.58746,242.38728,497.3096,271.41406,476.5374,300.3263,3.497431956353437,496.7680377908381,270.17696897924066
96,6,515.3746,242.48357,496.98486,271.9786,476.32614,301.55432,2.99146634943018,496.04109782908176,271.8141125007329
97,6,514.9524,243.1047,496.0437,273.40445,475.51306,302.84387,2.9249612628007218,495.34436119519944,273.306684106951
98,6,514.48,243.05325,494.9855,274.03403,473.4054,304.4087,3.212539380606502,494.68063463294897,274.58144241976163
99,6,514.11786,243.941,494.20862,274.95718,473.13684,305.6345,1.78815983687431,494.0527248860877,275.5651460610317
0,7,604.8103,739.07477,617.27905,733.5228,633.903,719.92065,15.289036123712316,616.9639172914004,733.5831823546229
1,7,633.8152,724.6107,613.32574,733.09863,614.97125,738.2476,85.22061121610174,614.6038236568493,732.7647733378377
2,7,636.2742,728.32196,615.52014,731.1983,610.6778,737.2457,43.4242709306732,614.1553380047045,732.0306483937168
4,7,637.74475,730.58527,616.9342,731.0607,605.94196,737.48267,28.98568116369383,615.5127420826861,730.8626597451586
6,7,634.4274,737.8523,617.32983,730.54834,606.18115,743.8928,73.254625726767,616.9116513574077,730.1740344523306
7,7,633.84656,739.0635,617.7462,730.5646,606.2727,742.8412,74.76496017032758,617.4031462719436,730.0391137028724
12,7,615.1685,739.426,618.06635,734.34717,606.525,741.96704,153.1414636147934,618.468781194467,731.9325191420531
13,7,613.9014,742.47797,618.72925,734.3936,605.4101,739.89514,143.2880975202371,618.5213332858635,732.8561731429385
14,7,611.8764,746.9479,619.2797,735.9875,605.6886,737.47943,130.30197995515874,618.5459472159015,733.6967700083346
20,7,599.90765,738.6201,616.118,737.7779,610.626,757.4039,108.6075806944413,618.2081048312252,735.7457873036398
21,7,599.3814,737.9213,616.57294,738.2438,611.0326,761.06287,102.57248844310512,618.087739343566,736.6861909974219
22,7,599.55225,736.72314,617.1317,739.3077,609.8982,763.1105,98.53998838120098,617.9538893264948,737.859564581109
23,7,600.91705,737.16644,617.2924,739.88104,607.93005,761.2672,104.23016627292354,617.8083614840046,739.0956583805171
41,7,608.2038,778.4763,613.51263,755.20166,616.03784,731.69464,6.717613219770092,616.696180321361,743.9865245277686
59,7,612.15094,784.06805,609.4679,759.9156,616.2492,733.11304,20.53731276089937,614.6080927171007,749.599398620318
60,7,612.23785,784.2106,609.5726,759.86847,616.25696,733.33826,20.390125774902277,613.3496634062477,752.8375969042047
61,7,612.0471,783.34753,609.48883,759.6879,616.38434,733.8117,21.092817316370628,612.1352511959864,755.9945394694306
62,7,612.51074,783.6515,609.7177,759.63367,616.3677,734.46405,21.432823755519337,611.0833398863194,758.7896637044212
63,7,612.26135,783.48865,610.0827,759.9977,616.50146,734.985,19.69136345282335,610.2795785115073,761.0207427614106
64,7,612.56274,784.0258,609.7386,760.3855,616.7376,737.82654,24.04922610285328,609.7754179218131,762.5638913251437
65,7,612.23676,783.4718,611.1356,760.6079,616.7786,739.29724,17.588642420989032,609.4855162315077,763.6085902104036
66,7,612.44037,784.0933,610.3478,760.75995,616.79724,739.40076,21.92652120004485,609.2903333708642,764.4030938789992
67,7,613.02966,784.5111,610.11487,760.7485,616.33514,739.4157,23.248923666982076,609.0953946781456,765.0895328232347
68,7,613.09796,785.01996,609.3347,761.3139,616.2701,739.3188,26.520987268953345,608.9064871235777,765.6790599396634
69,7,613.36755,786.3252,609.5067,762.2223,615.8579,739.467,24.695291560053956,608.7490203668265,766.1607694223406
70,7,612.73914,786.8584,609.58246,762.5034,616.0315,739.5498,23.078237283840465,608.6266331933623,766.5469303655954
72,7,613.7178,788.2914,609.88184,763.84503,616.53326,740.6119,24.89362668690949,608.4798818639821,767.1048579114253
73,7,613.9258,790.56274,609.62634,765.61096,616.49945,740.9146,25.32874674821165,608.451909841909,767.3127501527952
74,7,614.1699,783.3673,610.4963,765.5156,616.56024,744.0672,27.415219953147652,608.4518016708091,767.497345132331
81,7,615.3036,792.97595,610.1881,771.3595,614.2148,746.7372,22.601770383452237,609.0797019217714,769.6544634870921
83,7,615.46246,792.56006,611.42084,772.1355,614.2884,747.62305,17.865465988633606,609.4070524667616,771.0245778054846
84,7,615.66003,793.43463,611.16583,772.2937,614.46436,747.8605,19.6899850172392,609.5863664860785,771.8126426519294
86,7,616.44305,791.5198,610.8856,772.0862,614.5856,749.07135,25.091902560941985,609.9672523529645,773.4371872137835
87,7,617.74744,793.85565,611.4986,774.2616,613.79584,750.9916,23.326313486938584,610.1652163343762,774.2106267269797
88,7,617.6627,788.22516,611.06055,773.4012,614.3518,752.5489,32.97620426342731,610.3657891036625,774.9161509268802
89,7,618.11365,795.52014,611.6303,775.1785,613.5693,751.8979,22.43925171153563,610.567166727745,775.5299099573166
90,7,617.04346,792.05347,610.9605,774.33954,613.46106,751.7276,25.26285722467574,610.7675452735451,776.0587349418726
91,7,617.2161,792.99133,611.09436,774.4036,613.6503,751.63275,24.63352890620822,610.9651208079845,776.5171272490713
92,7,617.16766,794.60034,611.19934,775.0787,613.0088,751.9236,21.46813297548183,611.1580893979844,776.9195882474351
93,7,617.1285,793.0306,611.4341,774.9884,613.17993,752.1981,21.89710874366176,611.3446471104666,777.2806193054864
94,7,617.1239,792.7046,611.7688,775.9841,613.8209,753.7026,23.02086067508528,611.5229900123525,777.6147217917478
95,7,617.53046,792.0209,612.0371,776.57324,613.7693,754.759,24.116020934255943,611.6913141705636,777.936397074742
96,7,617.32117,795.0618,612.18744,777.51807,613.32166,754.98645,19.192535816242238,611.8478156520215,778.2601465229914
97,7,616.96277,793.4051,612.0242,777.9943,613.5071,756.7684,21.76515077717205,611.9906905236478,778.6004715050183
98,7,616.45465,793.42395,612.0309,778.0756,613.6873,757.1522,20.60474607085466,612.1181348523637,778.9718733893454
99,7,616.676,793.2651,612.1026,778.4923,613.5401,757.38446,21.097722864644744,612.228344705091,779.3888535444952
3,8,395.46817,243.07285,358.45682,249.03123,329.815,266.81558,22.691616196507184,358.45016677401924,249.02520543545114
6,8,396.19977,241.28761,360.5204,249.3591,335.0435,267.27487,22.36845570290188,360.41383009001134,249.3402579058089
7,8,396.60648,241.69576,360.39014,249.29312,335.4196,267.62936,24.44282436224839,360.3787810097666,249.4776671881277
8,8,396.81772,241.11932,360.70007,249.46579,334.63095,268.4219,23.01058876150076,361.0950499050948,249.2379305831398
9,8,397.13266,240.58621,363.19037,248.21716,341.37186,263.25272,21.90080795494052,362.7167181016928,248.6438283314751
10,8,397.66068,239.51642,363.36142,248.48097,341.68436,264.5519,21.90515651539774,363.3835048639767,248.75328191645735
11,8,397.9892,239.63654,358.93,251.86877,327.0167,269.42273,11.423960877557574,361.5636345799319,250.4405646660434
12,8,394.48126,239.8111,353.7553,257.67407,316.10117,277.84894,4.499279229205964,359.0537141931005,252.81021604402824
13,8,395.6303,239.40997,357.94498,255.30049,324.91702,273.5957,6.120036180129697,358.0729453507663,254.5243420481663
14,8,395.83313,239.18822,361.1191,253.18466,333.16736,268.49942,6.75932052288224,358.93899394269374,254.66194871592054
15,8,395.42526,239.38756,363.74585,250.75623,342.08752,264.26694,12.215045579110566,360.5058968557817,253.96964224358854
16,8,400.2806,239.56203,364.36682,250.60402,343.63507,266.70612,20.74556937573036,361.6415478720277,253.39665163016744
17,8,397.01392,239.05768,363.6728,251.24535,338.65244,265.15253,8.987211893547851,362.32339642154056,253.03509692661865
18,8,397.3037,239.24905,362.86975,251.80977,336.27576,266.96173,9.631597054595986,362.8062808464573,252.7628209468948
19,8,397.4807,239.55582,364.02368,251.09215,338.98035,265.1789,10.332796276483377,363.34503948891495,252.4576665049485
20,8,400.3209,239.26057,367.4703,249.24551,342.89133,261.27158,9.165017403516938,364.1945106910507,251.99747641473235
21,8,397.97693,240.56026,366.79245,249.6374,343.5087,260.94806,9.680157173273937,365.5351560600139,251.2926186764391
22,8,397.4824,241.33028,370.6668,247.30008,347.67374,254.80853,5.533888948051519,367.2499302630036,250.38356203522233
23,8,399.36877,239.85156,373.42303,246.62053,352.01205,254.17642,4.815888243245604,369.1474112322317,249.34330042247575
24,8,398.45786,239.8237,374.46353,245.44228,354.4906,253.3263,8.361822435858835,371.0361768999097,248.24482776959294
25,8,399.95697,239.52649,375.0088,244.02359,353.58502,253.24901,13.079208287528743,372.7581711647448,247.1604928306773
26,8,399.6052,239.74362,375.8784,244.68213,353.58676,253.45682,9.72845699402061,374.28880179142607,246.1600636506708
27,8,400.3711,239.81128,376.2836,244.7717,353.71185,253.05301,8.51105464143787,375.63684251113784,245.31266309722497
28,8,403.1132,240.7131,378.06836,243.78786,353.67468,252.72552,13.12327695468752,376.81106705506465,244.6874140379915
29,8,403.14764,240.91435,378.13788,245.0014,354.604,253.01016,9.51274942350252,377.8202491543908,244.3534393406219
30,8,402.76764,240.43515,377.63104,246.25754,354.51712,253.28845,3.877675082218573,378.67316254030084,244.35185566172854
31,8,401.18262,241.29126,377.83313,247.0374,355.40323,254.04439,3.523256247283844,379.3785809439794,244.6117548137667
32,8,401.72607,241.20946,378.11365,248.27032,356.0713,254.0526,1.9493322996978435,379.9452780966105,245.03422239815248
33,8,402.87955,241.16681,378.90955,247.94427,355.76416,253.36993,2.595330252856773,380.382027729379,245.52034401630172
34,8,402.3149,241.29375,378.0497,248.72998,355.8261,253.82242,4.131711332904731,380.69966886998986,245.9878593566579
35,8,401.4463,241.53107,377.73007,247.77448,355.5226,253.20207,1.0149071276807686,380.91730173223146,246.4211244557741
36,8,401.19623,242.58342,378.48447,247.8138,355.8635,253.68614,1.5839971697357191,381.0560918264126,246.82114943723082
37,8,401.8532,243.81708,379.21802,248.33115,355.71536,254.353,3.092754639356037,381.1372046628426,247.18894442460845
38,8,403.22852,244.4664,379.96667,248.04106,355.70734,254.61688,6.429986157424967,381.1818057518301,247.5255195414874
39,8,402.38437,245.19902,378.36203,249.37552,356.1277,255.18883,4.789497383361892,381.2110606036843,247.83188491144818
40,8,403.3376,247.74457,381.6256,248.74303,354.8824,254.99545,10.52609090151122,381.2461347287142,248.10905065807123
41,8,405.29074,247.0487,380.80978,248.83313,355.26953,255.746,10.976175367763556,381.3081936372287,248.358026904937
42,8,404.43317,246.38835,379.6701,249.13902,355.92755,256.09418,9.989027682370434,381.41840283953684,248.57982377562595
43,8,405.15616,246.5833,380.31256,249.14914,355.8845,255.8032,9.340771445675434,381.5924317540857,248.7754468825848
44,8,403.62952,247.50932,381.47424,248.31123,355.28024,255.41647,13.103618476575525,381.82396543187383,248.945883793725
64,8,394.66183,245.43105,374.50964,245.13985,354.89523,254.38153,26.05617365401081,380.34163633870287,248.57942833244988
65,8,394.71823,244.7803,374.19992,247.42072,355.07544,256.30527,17.58505949551929,379.09708359927714,248.44804124707304
66,8,394.94537,243.55261,373.37012,248.30109,354.9522,256.23068,10.881408120937538,377.91817668894896,248.3130952149893
67,8,397.3285,240.81435,375.3555,248.54495,354.10437,254.11508,4.695693129832329,377.00817096374493,248.17557329297648
68,8,398.8337,238.57837,375.93237,247.91293,354.7138,254.25949,5.523609479608803,376.35865150786185,248.03645853781256
69,8,398.63495,237.74193,375.5166,247.61386,354.77643,254.12132,5.703514057424939,375.9082858375402,247.89673400627504
70,8,398.97302,236.2922,375.22495,246.53114,354.60803,253.90227,3.6498021747870135,375.5957414690192,247.75738275514186
71,8,399.2013,236.0371,375.35886,247.08617,354.12143,253.51138,8.0311841346978,375.359685918539,247.61938784119087
72,8,399.29443,235.26904,375.63837,248.13686,354.20572,254.40404,12.244564265739204,375.1507578222612,247.48440871804664
73,8,399.0177,234.58789,375.48334,247.31631,354.41742,254.3749,9.881986521906873,374.96748029603356,247.356810426721
74,8,399.2825,234.42107,375.01343,247.02913,354.5172,254.33246,7.840096987172429,374.8203475756257,247.2416344050726
75,8,398.90002,234.04834,375.3385,247.3481,354.51605,253.80743,12.208975151661122,374.7198538968071,247.14392209096005
76,8,400.42584,234.07605,376.06836,246.656,354.88934,253.39665,9.660375472699906,374.6764934953473,247.06871492224195
77,8,401.06204,234.08374,376.26834,245.82108,354.91437,253.30154,6.027110347853856,374.70076060701575,247.02105433677696
78,8,401.29312,234.20882,375.96564,247.02876,355.01355,253.20615,10.419732398761584,374.80314946758216,247.00598177242375
79,8,400.69403,234.41457,375.78485,247.50958,355.13824,252.9324,13.015036940524542,374.99415431281597,247.02853866704086
80,8,402.76907,234.39926,376.60403,247.10571,355.0524,252.89183,10.874259995438988,375.2842693784868,247.09376645848707
81,8,402.56433,234.49828,376.68857,247.4682,355.08826,252.75894,12.858833514977752,375.67954955764486,247.17847187326473
82,8,402.79086,234.32576,377.1223,247.9146,355.96677,252.46547,15.756420162645783,376.16829237246384,247.14652279245166
83,8,403.29788,234.23346,378.88876,248.4396,357.37347,251.28398,22.66849963683227,376.73435600239844,246.8335523857696
84,8,404.2008,233.97675,379.25388,242.00134,358.11185,247.81032,2.467834604933798,377.361598626903,246.1203284898214
85,8,404.75137,233.48282,380.74243,240.7703,359.78696,246.92535,0.5158620807004992,378.033878425432,245.06815760873522
86,8,405.82794,233.64853,380.5868,240.68956,359.58908,246.87495,0.8270888520650371,378.73505357744017,243.83463073239292
87,8,406.43738,233.63126,381.0872,241.14192,360.04675,247.51822,0.3549819843055889,379.4489822623817,242.78193812616504
88,8,405.56552,233.31049,380.8477,241.87663,359.80197,248.37532,1.953945133006213,380.15952265971134,242.20874922490697
89,8,406.49167,233.38504,381.1552,242.02466,359.8622,248.29688,2.415893596313861,380.8505329488837,241.9550508659236
91,8,409.20267,231.91718,384.4437,242.8392,361.22293,246.95386,13.755583985933486,382.2588972527978,241.65704392311204
92,8,411.31464,231.40791,386.24515,242.2376,362.16068,246.60965,13.074846230776217,383.14953195825655,241.54414113552897
93,8,411.03333,231.10521,386.6588,242.4683,364.01746,246.03244,16.048448373132832,384.2924472708797,241.43871378437942
94,8,411.098,230.90411,388.02396,242.33826,365.78824,243.85226,22.465112242919226,385.7046502250995,241.32831810507736
95,8,411.4581,229.877,388.5538,241.92955,367.47147,244.07315,21.948213317886257,387.08723927858824,241.2005103330368
96,8,412.0569,229.37112,388.59848,241.38644,367.29672,243.2956,21.99999817469389,388.15311342955675,241.04284670367144
97,8,412.49283,228.92406,389.33432,241.09277,367.74506,244.11597,19.748426405708425,388.9782824151324,240.84288345239526
98,8,413.77228,228.85887,389.92612,240.44878,368.4202,244.88419,14.267682941712469,389.7295336571718,240.5881768146221
99,8,413.77258,228.80313,389.90475,240.47897,368.42172,244.55054,15.335643079910092,390.5736545775314,240.266283025766
6,9,394.94775,240.48862,351.42575,256.28955,313.79156,281.20117,13.548471300721031,351.2952762380389,256.4057490096009
7,9,395.37402,240.8221,350.9073,256.17422,312.82898,281.73325,14.823202099844382,351.6139439675021,255.61462144113386
8,9,395.4183,240.48843,350.37747,256.3998,311.3698,283.11725,14.951752560329172,349.4383328946767,257.3304324963817
9,9,385.1121,243.0662,343.70038,263.53506,304.71002,286.1667,3.8305254930971295,346.06328839615543,260.63836776952735
10,9,386.44604,242.25346,343.18384,263.80734,301.93002,286.94785,2.806027344016281,343.6980467737705,263.20545786657806
11,9,387.51694,241.90909,343.71225,263.1969,301.92712,287.21008,3.966744515752294,342.5543336003871,264.86129778283987
12,9,388.58374,241.3445,344.90955,266.2448,302.22153,288.40283,2.2568072708517035,342.25024552612985,266.1054012897774
13,9,386.94403,241.36128,345.36346,265.78287,303.48703,287.2055,3.334249807547904,342.5397411457126,267.1786816027389
14,9,384.95248,241.38852,345.83856,265.41467,304.8509,285.06833,5.94296839321608,343.72022683220524,267.3072806156041
16,9,396.81778,239.23863,361.12695,253.13347,332.96228,269.57132,8.997764920915882,348.89834846240706,263.4160533731817
63,9,393.3809,246.13377,373.37106,243.50938,354.57852,254.19638,37.0981308091278,357.0360710715438,257.2813575663193
90,9,408.4406,232.77841,382.9591,241.32611,360.9523,247.43692,3.0252388765622493,365.8982765496117,252.08723712885097
7,10,567.33887,179.89722,547.7668,189.89545,530.4915,207.94244,19.19177745430711,547.7668,189.89545
8,10,567.1272,179.01996,545.93164,190.95186,529.3833,210.16956,19.891229223783338,546.1569501050508,190.8221602201024
11,10,549.3402,177.18864,538.7515,193.57281,529.5402,216.68304,11.142280268793376,540.1075710058493,193.12740938457895
63,10,645.35657,279.27502,683.197,304.77783,710.50336,317.75058,8.566669458531104,634.8332367765485,268.5702658520938
