Frame,ID,Head_X,Head_Y,Middle_X,Middle_Y,Tail_X,Tail_Y,Angle
0,1,563.32336,643.8155,541.58997,662.6881,518.926,685.82196,4.617788628147314
0,2,599.64886,545.8225,585.1856,558.8434,564.20544,571.8904,10.119484689377458
0,3,663.3106,804.5519,643.0665,820.937,625.61914,834.34644,1.4413006757841764
0,4,574.316,837.3837,578.15485,836.3547,578.622,840.69,98.85570205982604
0,5,619.8608,731.61725,636.8507,743.5251,643.9578,767.1018,38.19906031015903
0,6,661.3331,796.49603,640.30396,806.8425,618.14105,810.31036,17.304514551585218
0,7,464.72964,665.8688,451.55496,680.6882,436.49887,694.8991,5.016454800741609
0,8,595.2484,835.7998,600.06335,830.1818,618.4592,820.60754,21.90639227227241
0,9,591.8801,830.44867,592.73285,825.93933,601.8257,819.8557,45.506985970318304
1,1,563.5612,643.11505,542.1215,662.80316,519.27356,685.958,2.8209165349989087
1,2,599.74457,546.1971,585.22565,558.8479,564.21014,571.604,9.80954911806012
1,3,662.54834,806.2344,641.71796,823.44147,627.1452,832.654,7.258662926687225
1,4,587.41785,840.8271,578.9962,837.0387,568.2325,835.89044,18.130970248996157
1,5,619.5964,731.161,636.0917,743.887,643.41003,766.5482,34.45235740374662
1,6,661.33545,798.43536,639.19464,808.4306,618.4142,809.61993,21.020654888970874
1,7,464.21124,666.91595,450.9972,682.07587,432.73865,698.1771,7.515775901159184
1,8,599.31995,841.1756,601.70355,831.8922,617.644,816.9835,32.51531774525573
1,9,593.67004,831.82996,592.02466,824.0389,602.2993,814.3673,58.65683416823029
2,1,563.6565,642.4296,542.0974,662.4883,519.366,684.8795,1.6330273068429788
2,2,601.6824,545.11285,586.4662,557.823,564.9126,571.4779,7.516480823464575
2,3,644.8821,826.4867,640.4398,826.6284,647.9674,812.70447,120.22392745621539
2,4,586.10956,840.81134,578.5023,836.6698,569.11444,835.75616,23.006246351445828
2,5,618.44165,730.92566,635.60333,743.6178,643.04297,766.6133,35.58700981914787
2,6,661.54535,798.41016,639.32007,808.1202,620.05896,808.1029,23.65145685134807
2,7,463.42047,668.2324,450.28455,683.3299,431.71246,698.91595,8.970231350633771
2,8,601.119,840.70624,602.5212,831.7299,618.76074,816.93634,38.789525632657195
2,9,593.62506,831.8933,592.1515,823.39435,603.87164,812.653,57.33154174035434
3,1,563.02783,642.84314,541.9693,662.5915,520.398,684.5146,2.3023978750966454
3,2,602.4003,543.3298,587.23724,557.0623,565.31995,571.0421,9.634290996314162
3,3,657.9006,812.8278,640.5418,825.8829,633.21216,827.111,27.433771734445898
3,4,586.66327,840.78033,578.7202,836.964,570.4832,836.07245,19.48513855239843
3,5,617.62213,730.11566,635.2406,742.9559,642.23895,765.88293,36.941212826118196
3,6,662.0461,797.5681,641.6462,806.2966,625.9523,805.42487,26.343688549507437
3,7,462.27182,669.51575,449.44666,684.1962,431.46863,699.20306,9.006058889827464
3,8,601.3386,839.0179,602.49036,830.7696,617.9834,816.651,39.70854555400886
3,9,594.653,832.4263,591.7961,823.644,602.59784,812.1537,61.25089189699861
4,1,562.47784,643.181,542.48175,662.383,521.78094,683.8917,2.257154143324068
4,2,602.6539,542.6211,587.7881,556.93286,566.0136,571.26416,10.560544417452263
4,3,659.6284,811.92084,641.87494,824.225,628.40875,829.12714,14.72080549479905
4,4,588.33704,840.8267,579.3815,837.2399,570.79297,836.69727,18.211163692912844
4,5,616.45874,729.0795,633.4279,742.8676,642.11224,765.52655,29.9348938060091
4,6,660.9157,794.56085,645.17,803.55505,634.54364,800.9667,43.4252645550512
4,7,462.01584,669.86835,449.05453,684.5371,431.2857,699.587,8.27222501366417
4,8,606.32965,836.37384,604.74536,828.3999,614.42706,816.8441,51.19442796582847
4,9,595.1365,831.89557,592.367,823.1139,601.5326,812.855,59.28213278756238
5,1,563.9682,642.628,543.8434,661.22296,523.4654,682.79596,3.89440482299695
5,2,602.99384,542.373,587.9681,556.49567,566.5452,571.2047,8.751695834210102
5,3,661.1157,811.5515,640.9221,826.26385,624.70825,834.7143,8.547872405447507
5,4,587.29346,840.0252,579.92334,837.2769,570.2688,837.1885,19.925478792325645
5,5,615.2926,729.8871,632.13525,743.20514,641.64777,764.7239,27.817218168380066
5,6,660.9598,794.96985,646.7254,803.201,637.583,800.4098,47.016564398745615
5,7,461.48297,669.80273,448.36072,684.87885,430.45392,700.52496,7.818260656161698
5,8,622.398,832.42236,612.81244,822.261,608.98663,810.79663,24.87524411990994
5,9,597.99713,829.71533,592.35254,823.9905,598.6855,815.7683,82.20001972811748
6,1,566.20105,641.0145,546.0043,659.6292,524.334,680.8861,1.782569488220276
6,2,602.8122,542.7853,588.1279,556.48047,567.2339,570.20795,9.69886513629825
6,3,660.96387,812.518,640.5425,827.53235,628.41266,840.6867,10.99608481306011
6,4,583.25726,839.63007,582.0735,837.4758,571.52106,831.08026,29.991681564827193
6,5,614.2372,729.89246,630.4401,742.1824,641.4855,762.61633,24.426783245729567
6,6,660.7465,794.8282,646.5396,803.31586,638.16565,800.3952,50.08312209133955
6,7,461.663,669.9533,448.0169,685.3128,429.88452,701.567,6.50698416382922
6,8,646.7686,813.50433,627.39105,815.0615,611.7625,803.0119,42.22670868595734
6,9,597.2515,831.0491,591.76245,824.5824,599.64374,814.7772,79.11734466744265
7,1,567.20703,639.9212,547.07733,658.5737,524.6071,679.11896,0.3810354981072366
7,2,602.35236,542.3433,588.4298,556.3206,567.16235,569.4332,13.456221318963001
7,3,661.89795,812.8017,641.0213,826.47253,622.1597,838.9132,0.19077407530073984
7,4,577.6445,838.36993,581.72815,836.84546,574.5243,829.1299,112.56453104975888
7,5,614.19354,729.2818,630.1659,741.37024,641.524,761.0489,22.887670673460207
7,6,660.36273,794.9931,646.3857,803.5281,639.2554,800.14215,56.811334999640955
7,7,461.52948,670.58344,447.36682,686.20544,429.3766,702.2421,6.090913224376323
7,8,660.1941,797.74304,644.56586,805.1637,632.89813,805.50085,23.744279009539614
7,9,599.1196,828.6931,592.13544,826.7882,598.1786,818.4531,110.68699538897991
8,1,565.70544,640.3928,545.58594,657.50696,524.7292,678.4553,4.740244487148472
8,2,602.70465,542.14575,589.07623,556.1626,567.9787,568.6334,15.217511420549123
8,3,660.97955,813.1348,641.3911,826.72906,622.9968,838.94385,1.173698656672085
8,4,574.4762,836.786,582.10767,836.747,579.443,828.7674,108.17316081757426
8,5,613.746,728.3045,630.20276,740.346,640.86993,761.0042,26.496648144977303
8,6,661.1269,796.09515,644.45416,805.50995,629.5718,807.36536,22.346190077418598
8,7,460.73734,671.25946,446.6977,686.56586,430.08438,702.4489,3.7590586253245912
8,8,660.724,793.42035,645.09125,803.55524,632.04126,802.0864,39.37755883618423
8,9,600.74084,827.7342,592.134,827.66473,598.11725,819.06256,124.35832939470899
9,1,567.7504,638.18506,546.3895,655.5998,525.3492,677.4053,6.834002028586151
9,2,603.12744,542.2135,589.5845,556.75256,568.1997,568.3406,18.57902786753416
9,3,660.2125,813.588,640.3074,826.53265,621.50446,838.7389,0.048456642643301504
9,4,570.4525,834.6094,582.1045,836.70886,585.4645,831.90765,65.22899888207536
9,5,612.9964,727.6521,629.77875,739.9956,640.4996,760.8021,26.40495110495538
9,6,659.86993,795.99164,644.9833,804.41956,633.4499,806.43066,19.62450390905663
9,7,460.1913,671.73785,445.42688,687.68805,427.51688,704.7929,3.52803219366324
9,8,660.2499,793.90283,645.21265,802.8375,635.09906,801.1734,40.061490359864955
9,9,596.3646,823.4228,592.038,826.9838,603.54114,822.9644,159.80409341576947
10,1,569.60126,637.333,547.87006,655.1838,525.92834,677.0291,5.473069291595335
10,2,603.67346,542.6548,589.59174,557.40125,568.66907,569.63727,16.000930513873634
10,3,659.5122,814.0705,640.2912,826.6544,623.6307,837.0954,1.1374602764884867
10,4,567.7461,837.0448,582.63916,837.5745,586.63043,833.00555,50.89787995159412
10,5,611.38696,727.4529,628.4291,740.3463,639.92584,760.8301,23.586351633529826
10,6,658.27734,797.76526,644.7119,804.5082,635.86017,803.99304,29.76105134297493
10,7,459.29175,673.0861,444.76907,688.5884,427.7612,705.1443,2.64012006652865
10,8,659.15857,795.66785,645.41595,802.8953,638.4855,798.97577,57.23112674879405
10,9,599.39667,829.1321,591.6351,826.2501,597.0916,818.1769,103.68351216949188
11,1,571.2975,636.4144,549.73535,654.9113,526.89813,677.5655,4.145103665860914
11,2,604.4407,542.8162,589.9352,557.56287,568.59985,570.339,14.558141993503604
11,3,658.5254,813.7388,638.5674,827.1046,621.3635,837.3984,2.916516425294147
11,4,571.94745,836.6343,581.9653,837.145,583.9488,832.8877,67.93742253556478
11,5,610.0688,728.15906,626.294,740.9165,639.0381,761.0172,19.44782674651317
11,6,657.391,798.23474,645.762,803.77374,639.8898,802.2021,40.4524674482791
11,7,457.53564,674.94183,443.52188,689.62445,428.11862,705.14764,1.1131148260799038
11,8,658.3951,796.5688,646.4046,802.4695,641.6752,797.64557,71.76913250132401
11,9,599.40845,832.2587,591.6333,826.5865,598.98694,813.8647,83.9173275053119
12,1,572.04285,635.6243,550.7494,654.7276,527.5873,677.5462,2.6753978311280604
12,2,604.9655,542.57135,590.23724,557.13464,568.8308,570.4391,12.815703452523996
12,3,657.2071,813.8673,635.255,827.8824,620.61865,842.74567,12.884971155716116
12,4,577.496,839.7647,582.4364,837.233,579.943,828.5658,78.91667356945901
12,5,608.6292,728.169,625.2378,740.8928,638.17737,761.3185,20.190217803114905
12,6,660.94727,796.76227,646.16626,803.45844,635.4529,805.6461,12.830506082275267
12,7,456.48102,676.0478,442.4948,690.4867,426.37738,706.55695,0.9962257835041832
12,8,661.1583,793.966,646.4204,801.3057,633.15674,800.4236,30.279075178360877
12,9,593.3871,833.8985,591.6711,825.5134,604.19965,809.82306,50.17280704161296
13,1,572.5105,634.5529,551.23505,653.90436,528.13794,676.8555,2.529793775303912
13,2,605.1308,542.28253,590.34674,556.0854,569.04407,569.83563,10.193138033086953
13,3,655.0006,814.027,632.25946,828.42004,621.63196,842.3508,20.3306921620153
13,4,575.4848,839.6173,582.0137,836.86926,586.2327,828.7206,39.80015271672415
13,5,607.2159,728.1394,625.26733,740.3212,637.8898,760.92975,24.500080648564005
13,6,663.38043,793.6558,648.29596,804.5268,640.48773,810.99274,3.8487829966507676
13,7,455.19513,676.9588,441.58032,691.5678,424.96945,707.8713,2.5526697676714103
13,8,661.7008,794.1996,643.7151,800.83716,625.5994,798.67224,27.071254778773906
13,9,594.9849,833.1256,592.2821,826.28973,605.216,810.4656,60.834118503959
14,1,572.9706,633.62103,551.76605,653.62573,528.41876,675.90826,0.33161292427421446
14,2,605.8778,542.27295,590.6082,555.5985,569.1227,569.62964,7.964199452556259
14,3,647.59937,818.256,626.8053,826.8804,614.11255,828.62555,14.697617975529363
14,4,571.7288,837.2118,583.60944,836.1201,594.8147,827.14166,33.45419466895393
14,5,606.303,727.19086,624.9089,739.5253,637.94666,760.0504,24.03406189522218
14,6,663.41583,793.22284,651.2275,806.37,647.03625,813.54047,12.525960541847939
14,7,454.5499,677.4761,440.89316,692.2492,424.5084,708.5035,2.4778868778049885
14,8,661.74524,792.96625,643.39404,802.64496,626.93115,798.1607,43.0447682913577
14,9,595.9016,832.41205,593.0025,827.86127,606.7362,812.6908,74.65376075309047
15,1,571.6497,635.7838,551.64844,654.0208,529.67737,675.0606,1.4013732911860397
15,2,606.86163,542.1983,591.2616,555.087,569.45966,569.5236,6.051876238489369
15,3,640.0219,818.20056,623.18,824.26843,616.5608,827.12524,3.5315821998763095
15,4,575.03827,837.5022,586.06433,836.341,599.7073,826.5426,29.674152429382413
15,5,606.56287,727.27606,625.0692,739.45465,638.1422,759.83466,23.973407296541343
15,6,662.9009,794.51685,652.57166,811.23755,647.4467,821.3444,4.81731176621619
15,8,657.3985,790.42975,643.2027,805.0568,631.77924,801.5305,63.012171232271754
15,9,599.9374,832.95605,594.1222,828.4841,606.2505,814.36053,93.09270947986272
16,1,573.5186,634.7124,552.68085,653.2363,530.64087,674.3512,2.136158565926586
16,2,607.32196,541.44476,591.6041,554.6778,569.6362,569.1685,6.684336664486355
16,3,644.5729,822.3006,623.8119,829.7953,607.6937,835.92,0.9565440602624102
16,4,574.86487,837.2391,585.31396,836.66797,596.03845,829.1371,31.948613455187676
16,5,606.01227,726.5842,624.476,738.58386,637.868,758.99,23.704291245704475
16,6,661.8791,795.7489,651.0486,813.43066,647.7959,823.5139,13.609649712452134
16,7,453.88773,677.84064,440.21957,693.02484,423.27478,709.87634,3.1660100342999438
16,8,656.06696,790.2317,642.562,806.6818,633.32935,803.1269,71.67391162854716
16,9,602.7176,832.8409,594.3193,829.16425,604.8487,815.96686,104.94134406759558
17,1,575.16583,632.8029,553.784,651.83154,531.046,673.20325,1.5584646512932419
17,2,607.58136,540.5042,592.0702,554.37537,570.08966,568.62634,8.848065301705963
17,3,640.0331,829.25824,625.1825,830.9863,615.9262,840.6116,39.48208731323324
17,4,575.4756,838.03876,587.62476,836.38727,602.8074,827.08606,23.751555030295716
17,5,605.11523,725.3379,623.31464,737.46,637.70026,757.4083,20.53640741644291
17,6,663.48975,796.44037,649.76685,814.2644,647.45795,823.02344,22.82566871008257
17,7,453.72983,678.01355,439.93964,693.66125,422.6906,710.82477,3.752906929090351
17,8,657.95953,789.75604,641.0318,806.9479,632.0937,804.6504,59.85893051540214
17,9,602.4872,832.31006,595.3237,828.57275,605.71576,813.9877,97.91840369186286
18,1,575.393,632.59467,554.073,651.39954,531.4943,672.21576,1.2611399954796565
18,2,608.01965,540.3928,592.4125,554.1846,570.9325,568.12415,8.484546722653704
18,3,622.76654,841.0387,623.486,829.57495,631.3947,829.29663,84.39323356944077
18,4,581.08905,829.47296,590.8128,835.04596,603.7004,830.04407,51.030517549735855
18,5,604.1033,724.22205,622.88635,736.7524,637.5442,756.7852,20.099881861014023
18,6,663.6903,796.8866,648.1574,814.5273,648.8851,823.8353,45.834457234968355
18,7,453.68854,678.0685,439.54926,694.32275,422.66656,711.9165,2.799182512496169
18,8,659.368,793.63635,640.14764,807.6201,635.1838,811.65753,3.085783998146472
18,9,601.70715,831.35406,595.8439,826.8317,604.1095,810.95416,79.85787651966949
19,1,575.5142,632.49414,554.5171,650.9414,532.6642,670.9254,1.1408957956530446
19,2,608.1895,540.2358,592.8942,553.78705,571.52155,567.4848,8.88438149434783
19,3,626.9308,831.4585,621.086,827.64905,629.1261,828.2739,151.34905307951308
19,4,584.87317,831.1303,592.7905,836.02295,603.7398,827.5454,69.46357911498683
19,5,603.8304,724.18475,622.29584,736.7274,636.76184,756.3053,19.353188465936945
19,6,658.2983,804.6052,645.3671,815.57184,646.5538,825.93585,56.23122677565259
19,7,443.76532,685.50757,438.8467,694.39764,438.28937,702.00116,24.76210404230262
19,8,634.76855,803.36597,636.5176,806.265,654.0455,788.127,104.87703106522633
19,9,604.26855,827.44696,596.86206,823.0141,603.2642,805.73267,79.42694367824502
20,1,576.56537,631.70044,554.93005,649.90625,533.4384,670.2057,3.2858081394381906
20,2,607.36395,540.28296,592.845,553.66626,572.1988,566.80334,10.2007771819052
20,3,625.0111,831.65466,619.4364,828.04395,638.81946,806.36444,98.86804902222184
20,4,584.21814,830.89264,592.6444,836.4493,603.11273,827.5785,73.68028172907886
20,5,602.6465,723.13403,621.3837,735.5154,636.1612,754.88586,19.204250403310823
20,6,657.9266,805.2466,646.6261,815.99664,647.1656,826.5385,49.35949625462177
20,8,654.959,786.73346,638.42236,804.62427,634.3585,801.57007,84.1794004471675
20,9,603.4292,827.6288,596.8132,822.7447,603.72925,805.6738,75.6192608136787
21,1,578.02155,629.8231,555.2954,648.1783,533.7528,669.69403,6.037606820676541
21,2,607.2026,540.0228,593.1992,553.4129,572.6451,565.98425,12.266637282291928
21,3,615.33356,845.6362,620.23444,830.3157,639.5827,817.8309,39.42826582950264
21,4,584.4101,830.80994,592.9823,836.9983,602.90375,827.56915,79.3684876018334
21,5,602.1598,722.58344,621.0629,734.92004,636.09204,753.9812,18.615982476950474
21,6,657.5599,803.46313,647.4869,815.08875,647.5313,825.39874,41.154190299137255
21,8,657.8237,788.7245,640.7874,801.6028,635.4485,799.34546,60.005672435416464
21,9,604.2617,828.3208,596.8422,822.80676,603.8452,805.1391,75.00296994185197
22,1,579.2101,629.6318,555.76556,647.31714,534.3913,669.3281,8.811756688215759
22,2,607.7076,539.7361,593.70715,553.16327,573.07715,565.14044,13.664503626084853
22,3,621.72186,841.31726,621.3133,830.19495,643.20544,798.58356,36.80791335896666
22,4,584.8471,830.89746,593.0219,837.5458,601.95844,827.9607,86.12585915257851
22,5,600.47437,722.4369,620.23883,734.8091,635.13745,753.40344,19.250957290990772
22,6,657.5975,804.66626,649.3719,815.9886,646.58905,826.16974,20.71075599097948
22,7,435.52808,701.281,438.00357,695.6959,446.02463,692.4055,43.79102044679445
22,8,639.0934,796.5422,639.86816,801.0799,651.18646,786.53253,132.42660750458057
22,9,602.45355,828.1194,596.4624,822.08234,605.1306,804.8191,71.44348891004246
23,1,579.3462,629.4077,557.4407,646.7925,536.05695,669.0362,7.692864904216636
23,2,608.5973,539.54565,594.28,553.2409,573.6095,565.4707,13.117123622428478
23,3,622.39484,836.8525,621.19495,829.63605,641.8306,799.3324,43.69375636111664
23,4,585.0264,831.70953,593.18036,837.7946,600.96674,826.9786,90.98329754066175
23,5,599.6768,722.3038,619.3845,735.2045,633.75616,753.8242,19.12821146489258
23,6,657.62415,800.3718,647.5301,814.3952,645.4212,823.9334,23.27895304372095
23,7,440.88464,694.39215,437.3732,695.49554,437.6575,698.46594,78.02305037796255
23,8,636.3687,795.37665,640.01654,801.5505,652.79755,786.3791,109.31096116102785
23,9,602.8518,828.1587,596.4714,822.5546,605.1565,804.7319,74.68671232610245
24,1,581.39307,628.07837,558.9117,646.059,536.8869,669.55566,8.1990090841478
24,2,608.7771,540.0972,594.3615,553.99536,573.7088,566.2007,13.370791393660664
24,3,615.3231,844.8259,621.1155,830.19214,640.2201,819.2486,38.60028340919917
24,4,587.8565,832.1568,593.19104,838.07513,599.43365,827.1244,108.2839895190345
24,5,598.9804,723.3506,618.04083,735.8019,632.9963,754.3425,17.954573857534832
24,6,656.65875,800.8434,646.306,814.46643,645.3466,824.6132,31.83127739057991
24,8,647.21063,796.83417,639.47766,801.30853,641.5514,783.8417,126.82472673294467
24,9,606.8746,827.69617,596.80774,823.4771,603.47644,805.31104,87.41922836086344
25,1,581.2253,627.44196,560.43304,646.04156,537.133,669.272,3.1002148289343867
25,2,608.9693,540.09705,594.62787,554.1324,573.94995,566.30383,13.900043873476912
25,3,622.6455,837.92993,622.48956,830.66064,639.971,801.25385,31.959150992831784
25,4,587.44904,832.6367,593.1599,838.64276,597.3966,826.7829,116.78482342298675
25,5,598.1634,723.54364,617.3674,735.0006,632.3374,753.9538,20.876794460975407
25,6,656.1886,802.5354,645.9419,814.94995,645.96954,824.75104,39.69716914369987
25,8,645.76385,793.95215,638.35657,801.7335,643.4735,778.3337,148.74581269295578
25,9,602.1312,830.4294,595.1141,824.5592,602.7595,808.1246,75.03393706244364
26,1,581.8593,626.26746,560.2955,645.8455,536.8715,668.9707,2.3956354725427147
26,2,609.53345,540.3643,594.91156,554.0876,574.1367,566.4473,12.434159050208635
26,3,622.9726,841.02655,622.5203,829.0817,641.049,797.8175,32.82140617865922
26,4,586.9589,832.6161,591.84216,839.85565,596.5507,827.752,124.74246559660143
26,5,597.6978,723.89844,616.8354,735.02875,631.5725,753.68506,21.511789051616077
26,6,653.1473,803.54565,644.80225,816.3605,643.92535,823.02966,25.58172118281455
26,8,650.743,796.60864,634.7553,800.3857,632.82935,774.4603,99.04360529943365
26,9,605.9373,828.8142,595.2137,823.9584,601.1199,807.02484,84.8662968271406
27,1,582.9648,625.5223,560.0401,645.7172,537.4482,668.71735,4.135312112836156
27,2,610.5825,539.9556,595.37946,553.5325,574.2993,566.1173,10.92870407688233
27,3,621.3532,838.39014,622.862,828.10455,641.56006,801.1859,26.43918799564794
27,4,588.5038,832.20386,590.64557,840.3721,592.27747,828.3337,157.58742532441002
27,5,599.0089,724.1678,616.7644,735.09924,631.3114,752.68774,18.78753498027046
27,6,651.1368,810.7005,642.7681,819.1528,642.6401,828.297,43.91288578671735
27,8,635.50433,775.1707,638.00934,796.3064,655.8635,794.87103,87.83715755212607
27,9,607.0546,827.82764,595.58264,823.9767,600.6609,807.8283,88.9009784349779
28,1,582.8787,625.30066,560.0842,645.31415,537.9906,668.13873,4.649283698059811
28,2,610.96277,540.01917,595.5805,552.5844,574.6013,565.6555,7.3192538377378735
28,3,618.85645,844.4399,622.8212,826.73987,642.3407,816.61975,49.9691678899952
28,4,581.2569,833.581,585.3249,838.6559,578.79333,837.9415,134.9570213851684
28,5,597.92255,722.1851,616.53204,734.71423,632.1603,753.08765,15.66489423999416
28,6,651.4303,810.5561,642.5765,819.33777,643.38135,828.8737,50.05893534874179
28,8,634.4739,773.8492,637.6734,795.2506,656.0477,794.51715,83.78312400733591
28,9,608.1864,822.4721,596.23724,823.27344,601.5118,804.3332,109.39822024793001
29,1,583.6596,625.0578,561.01105,644.5896,539.3599,667.2501,5.530913406207104
29,2,611.57336,540.1889,596.05225,552.47186,574.60547,565.4711,7.136276071712071
29,3,618.5439,842.1024,622.36774,826.0152,640.08417,810.1439,34.77360612894794
29,4,581.6108,840.19525,582.19275,837.3644,567.64246,836.917,99.85585033799859
29,5,597.9525,721.5393,616.4753,734.37415,632.2801,752.7822,14.632328714665695
29,6,651.00635,808.80396,642.1344,818.8945,644.7441,830.0224,54.52139056411623
29,8,633.8531,772.8186,637.33453,794.02203,656.2374,794.5841,78.97248399472703
29,9,608.68176,822.02094,595.8791,822.1401,600.48975,802.87317,103.99122165840994
30,1,584.5893,623.8546,562.8056,642.8604,540.41425,665.46954,4.17326155249038
30,2,612.209,539.4671,596.71814,551.8661,574.7262,565.1756,7.491769304245056
30,3,618.45557,840.3148,622.9537,824.447,640.353,809.56903,33.63997194304167
30,4,559.8708,836.82996,579.811,839.8434,583.1442,849.5715,62.492683465884994
30,5,597.89557,721.28064,616.4325,734.2221,632.2657,752.33496,13.921323487782043
30,6,650.7176,809.0486,642.1276,818.3875,644.6212,829.7174,55.020233140483526
30,8,635.34827,775.39954,636.72784,794.7237,652.7198,791.9169,95.8713702863533
30,9,606.5207,820.1284,596.30835,822.0676,601.5604,803.27924,116.3695292011009
31,1,584.6256,623.87415,564.0054,642.0889,541.14014,663.0336,1.0343864795478581
31,2,612.25726,538.54785,596.85,551.3595,575.04254,564.8543,7.9946804424550555
31,3,613.90515,830.2301,623.27,824.0096,640.6082,811.2455,2.766120050511546
31,4,562.5327,837.17755,578.7433,839.32874,581.6191,850.29193,67.74256530076093
31,5,596.9118,720.90265,615.56573,733.85614,632.4234,750.7275,10.2467241197268
31,6,650.8452,800.2124,641.678,816.39777,645.6008,825.83276,52.10320470328096
31,8,637.0807,776.3175,637.1242,794.9112,652.4321,793.90814,93.6148479973894
31,9,608.455,822.2949,595.9152,821.6274,600.15106,801.4832,98.82773995529223
32,1,584.10315,624.43414,563.35474,641.4034,541.4892,662.28265,4.39997273514675
32,2,612.43677,538.20734,597.3777,551.0892,575.54175,564.7366,8.539021992865521
32,3,613.3823,836.13715,622.8113,824.83325,636.0291,813.11035,8.597633112044372
32,4,561.04205,837.2555,581.8325,838.5149,585.47064,849.9393,68.86928765971452
32,5,595.00116,719.36896,613.6431,732.7,630.8666,749.1572,8.127843789900657
32,6,651.4092,799.79767,642.2874,815.1298,645.4826,825.71857,47.54162277650184
32,7,423.2983,714.88794,432.7329,702.96594,444.3742,690.7449,5.251468960848529
32,8,632.68085,770.8299,636.1607,793.2956,656.56726,794.44543,77.97004167065612
32,9,608.6795,822.495,596.02155,818.7076,598.688,801.0773,81.94252726990779
33,1,585.4385,621.9195,563.9185,640.0169,541.99866,661.86145,4.838978846913904
33,2,612.26154,538.0442,597.1581,551.05975,575.48737,564.75073,8.469836042143585
33,3,615.0043,843.4722,620.98584,825.30817,636.04645,810.40027,27.06483808536449
33,4,573.0697,837.41876,585.4525,837.0322,580.958,838.36224,165.30336465210996
33,5,593.6639,718.4213,611.8087,731.7473,627.9642,748.99347,10.575831808066619
33,6,648.9752,801.4281,642.02594,815.155,645.4644,825.01526,46.07566330333255
33,7,421.66785,721.8361,432.37054,703.6782,445.15652,689.36774,11.263672092601167
33,8,630.86664,763.88745,636.4939,790.6426,654.9304,791.7362,74.72768961388776
33,9,606.9287,819.19604,595.5736,817.68756,599.3173,799.0729,93.8041827344403
34,1,586.04083,620.8999,563.93866,639.08606,541.9514,661.51245,6.118210028052442
34,2,611.98645,538.4198,596.9495,551.44727,575.2997,564.7852,9.268300831204046
34,3,620.8413,834.80426,622.6214,822.1221,632.5333,812.4267,37.64285631169906
34,4,573.41565,836.16394,586.3532,836.39215,579.27704,840.59155,148.30214634194692
34,5,592.9546,718.2583,611.1645,731.2649,626.5062,748.9118,13.46053532767485
34,6,647.18585,810.13794,640.5285,819.36896,647.43036,830.97815,66.53107188334437
34,8,636.2474,773.2141,635.9346,789.29376,645.93787,781.7392,128.1748461359188
34,9,603.8458,812.66644,595.54254,817.81757,601.48486,800.6207,140.87674741303698
35,1,587.0972,619.6385,565.3339,638.48376,542.6148,661.5088,4.49322393282412
35,2,612.112,538.16583,597.0631,551.282,575.4294,564.80475,9.065835076823898
35,3,618.18304,834.76465,625.4506,820.11914,635.13104,802.60455,2.537519143575071
35,4,581.56836,836.98157,587.12683,836.5276,573.4105,838.9721,174.56404369673257
35,5,592.454,717.7753,610.092,730.6977,625.5217,747.7282,11.595116967137061
35,6,637.70447,823.1288,638.04565,825.20984,648.5039,835.12305,37.221851403327946
35,8,652.04346,794.12585,634.771,786.95483,625.17773,763.4351,45.2635547177674
35,9,607.1418,818.91046,595.3572,817.89246,597.8567,796.28644,91.66177872757699
36,1,588.18494,618.19464,566.7564,637.7693,542.97864,661.3561,2.3578363522311183
36,2,611.91455,538.15607,597.0099,551.3244,575.4967,564.64954,9.686918082106327
36,3,633.1109,815.2053,627.70465,813.20856,627.19196,808.4114,63.62831144484583
36,4,597.0327,839.63776,586.7797,836.5559,562.48035,837.2384,18.338596938282805
36,5,597.0178,723.0913,608.9845,730.9285,620.9577,742.92914,11.8439010297873
36,6,644.0303,816.88806,639.77966,824.8632,648.0619,838.76855,58.8354434384523
36,8,650.08746,794.1716,633.50085,783.52734,623.3438,761.44916,32.60550684721139
36,9,608.9284,822.56555,594.90686,816.3418,596.29596,794.9346,69.77763715976214
37,1,589.35004,616.89026,567.778,637.7567,543.06903,661.4871,0.20558422779686011
37,2,612.99133,537.3953,598.2465,550.1644,576.6117,563.6646,8.928498057894814
37,3,652.95966,795.4874,635.24945,804.5371,638.4166,810.1643,92.3058306409284
37,4,597.8871,840.63403,587.2441,836.7407,563.6058,837.3937,21.675259553451887
37,5,603.0829,729.15173,608.40967,731.7482,614.6578,737.7452,17.83841779362606
37,6,642.90405,817.8634,639.9529,824.9765,648.8851,837.8299,57.329740477869244
37,8,649.9732,793.9548,633.3181,782.741,622.8765,759.98145,31.40333026965443
37,9,608.67615,823.03204,594.64417,815.8237,595.55444,793.63135,65.15898393255397
38,1,589.17267,616.0194,567.5363,637.49603,543.1215,661.3806,0.4163710263473779
38,2,614.4923,536.4541,599.3687,549.41846,577.5249,562.71136,9.281755787663144
38,3,653.13245,794.2203,640.60583,802.7645,640.9515,806.12695,61.57170207958539
38,4,595.3344,840.3373,587.14197,836.80334,567.5417,836.816,23.370621912330506
38,5,598.6539,725.22174,608.35596,731.65424,618.23663,741.8692,12.4086133007679
38,6,643.055,818.0356,640.7721,823.6941,647.83356,837.50214,49.05667010447475
38,8,652.71387,794.8353,634.82477,785.4105,623.84814,761.5911,37.476136579453396
38,9,603.82526,828.30347,594.1811,814.1022,596.54553,790.3173,39.85770568246318
39,1,588.4954,614.15704,567.2202,636.98035,543.7318,660.7241,1.7007685964599244
39,2,612.6109,536.74304,598.6698,548.8011,577.87726,561.9703,8.508839162149828
39,3,656.6202,791.5431,642.99023,802.20135,641.58984,808.2501,38.9402340557749
39,4,595.52997,841.36536,588.04285,837.30585,568.4595,836.14667,25.078990315884404
39,5,610.05817,734.9852,608.1492,731.3362,606.85547,730.98846,47.339464333848596
39,6,640.69025,817.82416,639.8618,823.637,648.71545,837.77625,40.164786144694254
39,8,657.6961,795.0291,637.5274,790.653,629.8748,775.85095,50.41929950906838
39,9,606.8364,821.04834,594.49603,812.99304,596.853,789.7897,62.66536254735219
40,1,587.8701,614.9541,567.14514,637.55066,544.1896,660.6516,2.2929425369620127
40,2,612.172,537.2689,598.3271,549.3673,577.52136,562.1583,9.566079996252588
40,3,651.15375,797.192,643.9774,808.69403,646.71094,818.964,46.865508712219224
40,4,601.175,842.8432,588.1838,837.59314,565.11053,835.99316,18.038095279218446
40,5,609.1297,733.96155,608.0869,731.0412,607.33655,730.83905,55.27207504641091
40,6,638.67883,817.8197,639.9086,823.42615,648.95953,839.04315,17.72252381679054
40,8,656.7917,797.59674,636.5397,788.8035,628.42255,772.6077,39.91058544182272
40,9,606.4513,819.9284,594.6058,813.2206,597.5166,789.74744,67.54717041725223
41,1,585.0228,618.3131,566.1907,638.8695,544.2121,660.3942,3.1042535418224806
41,2,612.90436,537.5883,598.6408,550.16504,577.71484,563.3851,9.121109087209016
41,3,647.56726,798.1939,643.4997,811.311,648.5859,823.2032,40.38444104494286
41,4,599.0947,842.19324,588.64,837.5752,566.70294,835.5383,18.52724074522466
41,5,610.8073,735.9003,608.03925,730.9425,605.0038,728.7061,24.443303049667193
41,6,637.6222,817.203,639.8166,823.01434,649.5342,839.1456,10.378183947262539
41,8,653.9276,791.36127,636.1685,789.1659,629.71094,776.0027,56.821316023374244
41,9,607.0329,820.0349,594.7121,813.0981,598.21173,790.6871,69.49517402342087
42,1,586.32184,616.9954,566.8804,638.47205,544.2191,660.54736,3.597823610951237
42,2,613.15717,537.6974,598.8676,550.6896,577.47925,564.0944,10.200565059759642
42,3,643.41785,799.7324,642.5793,813.8858,648.91656,826.6295,29.83126851761982
42,4,606.9743,849.46735,589.5328,838.0507,560.93945,834.5931,26.312387418232653
42,5,613.3152,739.0168,608.30273,731.239,602.588,726.4021,16.955468724825863
42,6,637.79944,814.56586,640.1075,822.3715,648.08655,838.73083,9.52796680297056
42,7,437.4266,696.54364,427.07382,715.83734,414.24698,735.9868,4.262642887540366
42,8,645.8362,774.3452,636.6652,789.1278,640.1855,792.2859,79.91925915210099
42,9,605.84894,818.26373,595.306,813.3451,598.0706,790.87427,72.00313966974761
43,1,584.2254,619.5328,565.50854,639.39844,544.3047,660.7212,1.5452236855985155
43,2,613.6676,537.82916,599.35333,550.8737,577.74646,564.4311,10.236332744738677
43,3,641.9411,807.84375,641.0199,817.3749,647.0129,832.03094,27.760646128137772
43,4,607.10364,848.44635,589.49475,838.72656,562.4454,836.5285,24.252201245517583
43,5,619.1192,744.35126,608.40326,731.01294,596.21326,720.01434,9.162980280876338
43,6,636.97943,810.6449,640.0325,820.5995,647.72345,837.3801,7.572507735960044
43,8,650.22107,779.5336,636.6721,790.02454,635.79425,787.88495,105.44224652247203
43,9,609.31555,816.68097,596.206,812.24744,595.49457,791.62054,69.33957399016796
44,1,583.72034,619.73145,565.5997,639.3999,544.51794,660.5307,2.278900726644626
44,2,613.4971,539.7046,598.3429,550.86206,577.3714,564.172,3.960865474160607
44,3,638.0682,815.96326,639.7746,821.7597,644.32495,837.5296,0.3096429903475205
44,4,604.2109,848.06195,587.9776,838.5156,563.6951,838.12085,29.5271576318018
44,5,619.6819,745.2735,607.9611,730.7117,594.26117,719.4826,11.830032714471885
44,6,641.7097,810.5631,641.0,816.92114,645.2767,832.0495,22.154481349605515
44,7,421.17194,728.1005,419.09152,731.6687,421.98907,727.15643,177.53764406004348
44,8,626.2036,764.93243,635.7424,788.9852,657.7027,799.48254,42.8195358623474
44,9,610.7751,818.7664,596.5861,812.02,595.0082,790.35364,60.40496598104145
45,1,583.21027,619.92944,565.6236,638.91077,545.8198,659.5264,1.0330613986402368
45,2,577.85614,563.01715,597.29474,551.4058,615.9434,543.9468,9.051041705703993
45,3,637.19794,813.60846,639.08124,821.4025,644.8878,836.68744,7.217136239401557
45,4,604.44434,850.0384,586.80634,837.9117,560.05566,833.94543,26.07616329156063
45,5,619.4231,745.4991,607.06616,730.5178,591.8826,718.43414,11.969106412505498
45,6,635.80206,798.6427,641.56384,811.80383,648.62604,824.71466,5.035361236662982
45,7,428.92297,723.2007,419.14093,731.1243,411.53003,734.1261,17.48367595981578
45,8,626.49646,766.82697,636.854,790.2195,658.8574,799.85913,42.45947441615071
45,9,611.732,820.35724,597.5327,812.405,593.7844,790.89886,50.86256377179997
46,1,585.9797,617.7228,568.2226,636.9926,547.93005,657.33276,2.2724502695656015
46,2,578.12476,563.13104,596.7925,550.8025,616.8412,546.5936,21.58554121421028
46,3,636.9473,810.7508,638.3723,821.4549,645.14746,836.6321,16.473222295774136
46,4,604.75885,850.0819,586.92456,837.3735,559.5221,834.0187,28.493260986846465
46,5,587.22876,719.0013,606.1924,728.9902,619.6312,745.23926,22.629922332200586
46,6,633.48126,798.25275,641.201,811.2868,649.68207,823.9477,3.1795846548572873
46,7,422.39597,734.90985,420.9378,732.77155,419.7544,733.3262,80.81998629504207
46,8,625.29285,767.91754,636.5212,790.3481,659.0048,800.0884,39.98519101058597
46,9,611.0699,819.35913,597.9258,808.0074,598.20844,783.5508,49.84702553185754
47,1,588.7262,615.48303,569.6224,635.5991,549.0102,656.4476,1.1516507044722515
47,2,584.39667,561.28357,598.6307,550.0606,609.10236,552.93005,53.57841686245788
47,3,641.30444,803.4157,640.1217,814.267,646.6556,830.7981,27.786722137194577
47,4,607.117,849.9618,587.9689,837.71936,559.72577,833.5313,24.158279283000777
47,5,584.6108,715.38934,605.1162,727.5976,619.64526,745.92566,20.8272310129623
47,6,633.5583,798.6058,641.37805,811.52313,650.8856,824.618,4.792359648924169
47,7,422.3659,732.25494,421.87473,731.368,420.4744,733.63715,119.34404153660307
47,8,625.1582,768.7903,636.10187,790.73193,658.9094,800.3773,40.56806616745812
47,9,612.6675,820.3993,598.3035,809.89685,597.1234,786.41406,50.95003172876806
48,1,589.1607,614.8751,569.9071,634.8801,549.54755,655.4278,0.8327475499547962
48,2,598.8249,558.6735,598.5309,549.7801,600.92145,557.2637,164.17780084069025
48,3,636.40344,797.1718,642.00366,809.7519,651.0337,824.124,8.144228651801106
48,4,606.06055,846.2536,588.8945,838.6703,561.6553,839.51166,25.603193648087405
48,5,582.4018,714.2468,603.0197,725.9118,618.0641,745.1111,22.41826173595827
48,6,643.1059,803.63367,640.30835,813.4274,644.9623,830.79565,30.942157363113598
48,8,626.09753,770.1455,637.33136,789.9481,659.4974,800.2023,35.60860600366834
48,9,613.0754,819.63855,597.38556,810.81445,595.3209,788.64496,55.325615263036035
49,1,590.6886,612.64545,571.3592,632.74426,550.089,654.2949,0.7425679801321223
49,2,619.48505,553.55164,598.2241,550.13196,579.65125,562.68176,43.18451800421821
49,3,636.4762,796.37787,641.9535,808.7757,650.3895,823.24274,6.411816122284993
49,4,606.7488,845.4495,589.9392,838.49506,562.4465,838.3504,22.174450519029747
49,5,581.12146,712.65857,601.6836,723.4474,616.3553,742.57996,24.831724543527304
49,6,643.6677,804.0124,640.232,812.99023,643.2376,830.4942,30.684613422332315
49,8,628.818,771.2636,638.19324,790.2198,660.0156,800.0635,39.40488014911599
49,9,610.9923,814.2849,596.95087,808.8646,598.48254,785.4766,72.63932018505284
